file,reason,confidence
curated\dapur\2022-01-04_CYSn99DJVhx,unggahan-satu-foto,-
curated\dapur\2022-01-10_CYjTAAqpVSi,unggahan-satu-foto,-
curated\dapur\2022-01-28_CZQ6DiUpJ_7,unggahan-satu-foto,-
curated\dapur\2022-02-17_CaD7D_upe48,unggahan-satu-foto,-
curated\dapur\2022-03-14_CbFb3tLpTit,unggahan-satu-foto,-
curated\dapur\2022-03-17_CbL6LSLJ8pe,unggahan-satu-foto,-
curated\dapur\2022-03-29_Cbq95CcJePu,unggahan-satu-foto,-
curated\dapur\2022-04-20_Ccj3rIRJooE,unggahan-satu-foto,-
curated\dapur\2022-05-19_CduQmRVJAaS,unggahan-satu-foto,-
curated\dapur\2022-05-31_CeNXbX_Jogt,unggahan-satu-foto,-
curated\dapur\2022-06-28_CfVpk7cp3zX,unggahan-satu-foto,-
curated\dapur\2022-07-15_CgBbgZqJYE4,unggahan-satu-foto,-
curated\dapur\2022-08-19_ChbJd1hJSBZ,unggahan-satu-foto,-
curated\dapur\2022-08-24_ChoDVgsJ3W-,unggahan-satu-foto,-
curated\dapur\2023-02-23_CpAV7jCpPOL,unggahan-satu-foto,-
curated\dapur\2023-04-26_Cre3DpLJ7Or,unggahan-satu-foto,-
curated\dapur\2025-10-06_DPdiwZ3E7pi,unggahan-satu-foto,-
curated\dapur\2025-10-28_DQWG76uE5vz,unggahan-satu-foto,-
curated\dapur\2025-11-29_DRogV7MEzPg,unggahan-satu-foto,-
curated\dapur\2025-12-16_DSUR3SHE5Xw,unggahan-satu-foto,-
curated\eksterior\2022-06-06_CeciHU6JIqa,unggahan-satu-foto,-
curated\eksterior\2022-06-28_CfVH4kZJFeL,unggahan-satu-foto,-
curated\eksterior\2023-06-07_CtLElglRGOq,unggahan-satu-foto,-
curated\eksterior\2024-05-03_C6f7nXdRPmV,unggahan-satu-foto,-
curated\eksterior\2025-10-11_DPqVXZkE6H8,unggahan-satu-foto,-
curated\eksterior\2025-11-10_DQ3mHWCk1_W,unggahan-satu-foto,-
curated\eksterior\2025-12-30_DS4VBW1E306,unggahan-satu-foto,-
curated\eksterior\2026-01-14_DTfMNwkE1uE,unggahan-satu-foto,-
curated\eksterior\2026-01-19_DTr05f3k6Es,unggahan-satu-foto,-
curated\furnitur-detail\2021-12-28_CYAu_IoJ66w,unggahan-satu-foto,-
curated\furnitur-detail\2021-12-28_CYAvAQrJLAC,unggahan-satu-foto,-
curated\furnitur-detail\2021-12-28_CYBj3X8p4XA,unggahan-satu-foto,-
curated\furnitur-detail\2021-12-28_CYBO-4up-hX,unggahan-satu-foto,-
curated\furnitur-detail\2021-12-28_CYBPDyvpniJ,unggahan-satu-foto,-
curated\furnitur-detail\2021-12-30_CYGNl_0p_4T,unggahan-satu-foto,-
curated\furnitur-detail\2022-01-03_CYQe67OpfDY,unggahan-satu-foto,-
curated\furnitur-detail\2022-01-03_CYQLkJXpfTR,unggahan-satu-foto,-
curated\furnitur-detail\2022-01-03_CYQxP-vJyBN,unggahan-satu-foto,-
curated\furnitur-detail\2022-01-03_CYQxTt7Jgol,unggahan-satu-foto,-
curated\furnitur-detail\2022-01-04_CYSjk5VpOL5,unggahan-satu-foto,-
curated\furnitur-detail\2022-01-04_CYSjP7kpcb8,unggahan-satu-foto,-
curated\furnitur-detail\2022-01-04_CYTCoHLpx4C,unggahan-satu-foto,-
curated\furnitur-detail\2022-01-04_CYTCp7lJPwq,unggahan-satu-foto,-
curated\furnitur-detail\2022-01-04_CYTLRZVJrjP,unggahan-satu-foto,-
curated\furnitur-detail\2022-01-05_CYVLoATJk-n,unggahan-satu-foto,-
curated\furnitur-detail\2022-01-06_CYYxSMbpBC4,unggahan-satu-foto,-
curated\furnitur-detail\2022-01-10_CYh-iO7pcIZ,unggahan-satu-foto,-
curated\furnitur-detail\2022-01-10_CYh-quhJtwl,unggahan-satu-foto,-
curated\furnitur-detail\2022-01-10_CYh_Sn0pX5p,unggahan-satu-foto,-
curated\furnitur-detail\2022-01-10_CYievz8pIDv,unggahan-satu-foto,-
curated\furnitur-detail\2022-01-10_CYjSzGYpkdf,unggahan-satu-foto,-
curated\furnitur-detail\2022-01-11_CYk8_MfJ1qH,unggahan-satu-foto,-
curated\furnitur-detail\2022-01-11_CYlVQRrJ2bj,unggahan-satu-foto,-
curated\furnitur-detail\2022-01-17_CY0XHm6p2vI,unggahan-satu-foto,-
curated\furnitur-detail\2022-01-17_CY1QbXHJLfO,unggahan-satu-foto,-
curated\furnitur-detail\2022-01-18_CY2tM8SpYMd,unggahan-satu-foto,-
curated\furnitur-detail\2022-01-19_CY5KbdhP1kQ,unggahan-satu-foto,-
curated\furnitur-detail\2022-01-19_CY5wppIrI3O,unggahan-satu-foto,-
curated\furnitur-detail\2022-01-19_CY5X1cQraJt,unggahan-satu-foto,-
curated\furnitur-detail\2022-01-19_CY5YBIWLEsy,unggahan-satu-foto,-
curated\furnitur-detail\2022-01-20_CY76E3jpTuR,unggahan-satu-foto,-
curated\furnitur-detail\2022-01-20_CY84ZwmJzHw,unggahan-satu-foto,-
curated\furnitur-detail\2022-01-20_CY8aik_px98,unggahan-satu-foto,-
curated\furnitur-detail\2022-01-20_CY8DnUmpB0C,unggahan-satu-foto,-
curated\furnitur-detail\2022-01-21_CY-YIhgJHsi,unggahan-satu-foto,-
curated\furnitur-detail\2022-01-22_CZA8v0UJzKd,unggahan-satu-foto,-
curated\furnitur-detail\2022-01-26_CZLMya8JQK_,unggahan-satu-foto,-
curated\furnitur-detail\2022-01-26_CZLNRUppJWP,unggahan-satu-foto,-
curated\furnitur-detail\2022-01-27_CZN4cQIp2MW,unggahan-satu-foto,-
curated\furnitur-detail\2022-01-27_CZN4mCeJ_vn,unggahan-satu-foto,-
curated\furnitur-detail\2022-01-27_CZNwfMJPQPF,unggahan-satu-foto,-
curated\furnitur-detail\2022-01-27_CZNwoHNv7N_,unggahan-satu-foto,-
curated\furnitur-detail\2022-01-31_CZZHeBkpkio,unggahan-satu-foto,-
curated\furnitur-detail\2022-02-01_CZaluMDPICl,unggahan-satu-foto,-
curated\furnitur-detail\2022-02-01_CZalv33vNSX,unggahan-satu-foto,-
curated\furnitur-detail\2022-02-02_CZd7_yhpJb6,unggahan-satu-foto,-
curated\furnitur-detail\2022-02-02_CZdwHokpq_Y,unggahan-satu-foto,-
curated\furnitur-detail\2022-02-02_CZdwJompRqD,unggahan-satu-foto,-
curated\furnitur-detail\2022-02-02_CZdwNLiJh6S,unggahan-satu-foto,-
curated\furnitur-detail\2022-02-02_CZdZKe9p_mw,unggahan-satu-foto,-
curated\furnitur-detail\2022-02-07_CZqFGnrpYUN,unggahan-satu-foto,-
curated\furnitur-detail\2022-02-07_CZqFHwSJFhX,unggahan-satu-foto,-
curated\furnitur-detail\2022-02-08_CZtBBTSpZ3L,unggahan-satu-foto,-
curated\furnitur-detail\2022-02-08_CZtQLwIJNhW,unggahan-satu-foto,-
curated\furnitur-detail\2022-02-10_CZx2AYCpoLL,unggahan-satu-foto,-
curated\furnitur-detail\2022-02-16_CaCG2stpDIP,unggahan-satu-foto,-
curated\furnitur-detail\2022-02-17_CaD7BPjpnEo,unggahan-satu-foto,-
curated\furnitur-detail\2022-02-18_CaGp0FwpRQ5,unggahan-satu-foto,-
curated\furnitur-detail\2022-02-18_CaGpe8BpE6y,unggahan-satu-foto,-
curated\furnitur-detail\2022-02-18_CaHH5x_p6Al,unggahan-satu-foto,-
curated\furnitur-detail\2022-02-18_CaHp2g9Jy-J,unggahan-satu-foto,-
curated\furnitur-detail\2022-02-19_CaI_SXvJ34L,unggahan-satu-foto,-
curated\furnitur-detail\2022-02-19_CaI_UGOpLT7,unggahan-satu-foto,-
curated\furnitur-detail\2022-02-21_CaO430WpbXW,unggahan-satu-foto,-
curated\furnitur-detail\2022-02-21_CaOKIW3pnaV,unggahan-satu-foto,-
curated\furnitur-detail\2022-02-22_CaQteUYpEY9,unggahan-satu-foto,-
curated\furnitur-detail\2022-02-24_CaWEtl1JxpS,unggahan-satu-foto,-
curated\furnitur-detail\2022-02-24_CaWExq9pKTu,unggahan-satu-foto,-
curated\furnitur-detail\2022-02-24_CaWEzYipCkV,unggahan-satu-foto,-
curated\furnitur-detail\2022-02-25_CaYkEgLp8EJ,unggahan-satu-foto,-
curated\furnitur-detail\2022-02-27_Cadt99pJl3G,unggahan-satu-foto,-
curated\furnitur-detail\2022-03-01_Cai8PsWJm2m,unggahan-satu-foto,-
curated\furnitur-detail\2022-03-05_CauRUmKJ3aj,unggahan-satu-foto,-
curated\furnitur-detail\2022-03-10_Ca6y-yuJ6Az,unggahan-satu-foto,-
curated\furnitur-detail\2022-03-18_CbOuiAAJKkA,unggahan-satu-foto,-
curated\furnitur-detail\2022-03-19_CbRKtTZJkr-,unggahan-satu-foto,-
curated\furnitur-detail\2022-03-26_CbjkdBsprH3,unggahan-satu-foto,-
curated\furnitur-detail\2022-04-04_Cb6kRxTh3D1,unggahan-satu-foto,-
curated\furnitur-detail\2022-04-06_Cb_gdBBpQhF,unggahan-satu-foto,-
curated\furnitur-detail\2022-04-20_Cck9PQoJkTy,unggahan-satu-foto,-
curated\furnitur-detail\2022-04-26_Ccy81i_Jw9F,unggahan-satu-foto,-
curated\furnitur-detail\2022-05-19_CduQno6pjCT,unggahan-satu-foto,-
curated\furnitur-detail\2022-05-23_Cd5JU-Gp11Q,unggahan-satu-foto,-
curated\furnitur-detail\2022-06-13_Ceus7zKJa-O,unggahan-satu-foto,-
curated\furnitur-detail\2022-06-13_Ceus9eMp-a3,unggahan-satu-foto,-
curated\furnitur-detail\2022-06-13_CeutAgEJPd-,unggahan-satu-foto,-
curated\furnitur-detail\2022-06-20_CfBE6dWpV-P,unggahan-satu-foto,-
curated\furnitur-detail\2022-06-22_CfG2Pi4J2ey,unggahan-satu-foto,-
curated\furnitur-detail\2022-06-24_CfL9EkepFs1,unggahan-satu-foto,-
curated\furnitur-detail\2022-06-28_CfWRMfspISD,unggahan-satu-foto,-
curated\furnitur-detail\2022-07-04_Cfklz4YpEch,unggahan-satu-foto,-
curated\furnitur-detail\2022-07-06_Cfp5EOxptWg,unggahan-satu-foto,-
curated\furnitur-detail\2022-07-19_CgL2t-KJ5t_,unggahan-satu-foto,-
curated\furnitur-detail\2022-07-21_CgQYDdepMfP,unggahan-satu-foto,-
curated\furnitur-detail\2022-07-26_CgdqE1-JEIj,unggahan-satu-foto,-
curated\furnitur-detail\2022-10-01_CjKI5_BJiTJ,unggahan-satu-foto,-
curated\furnitur-detail\2022-11-09_CkvcZZ2JS-E,unggahan-satu-foto,-
curated\furnitur-detail\2022-11-17_ClDRpbJJ-VP,unggahan-satu-foto,-
curated\furnitur-detail\2022-12-08_Cl5D7OTJ15Z,unggahan-satu-foto,-
curated\furnitur-detail\2022-12-21_CmaivDUpNXK,unggahan-satu-foto,-
curated\furnitur-detail\2022-12-21_CmajPCApCQh,unggahan-satu-foto,-
curated\furnitur-detail\2022-12-22_CmdJt_WJsdB,unggahan-satu-foto,-
curated\furnitur-detail\2023-02-03_CoL1zRlJ42Q,unggahan-satu-foto,-
curated\furnitur-detail\2023-02-20_Co4K4EspK-s,unggahan-satu-foto,-
curated\furnitur-detail\2023-02-23_CpAVu8tJ3tN,unggahan-satu-foto,-
curated\furnitur-detail\2023-02-27_CpJUPKfSrvM,unggahan-satu-foto,-
curated\furnitur-detail\2023-02-28_CpL4nTNSGfk,unggahan-satu-foto,-
curated\furnitur-detail\2023-02-28_CpL4pQqSKiY,unggahan-satu-foto,-
curated\furnitur-detail\2023-03-15_Cpz8u8MpdnZ,unggahan-satu-foto,-
curated\furnitur-detail\2023-03-16_Cp2LuvsJo84,unggahan-satu-foto,-
curated\furnitur-detail\2023-04-15_CrDxWQipkZk,unggahan-satu-foto,-
curated\furnitur-detail\2023-05-24_CsnGk3TRSN2,unggahan-satu-foto,-
curated\furnitur-detail\2023-07-07_CuZPgfCxh4h,unggahan-satu-foto,-
curated\furnitur-detail\2023-07-07_CuZPSxbR49d,unggahan-satu-foto,-
curated\furnitur-detail\2023-07-09_CudfINDRRV7,unggahan-satu-foto,-
curated\furnitur-detail\2023-08-02_CvcXhrQRsQG,unggahan-satu-foto,-
curated\furnitur-detail\2023-08-03_CverqtvxWpv,unggahan-satu-foto,-
curated\furnitur-detail\2023-08-10_CvwPaURRKxF,unggahan-satu-foto,-
curated\furnitur-detail\2023-08-18_CwFhKz0R0VY,unggahan-satu-foto,-
curated\furnitur-detail\2023-08-22_CwO70FfRYqT,unggahan-satu-foto,-
curated\furnitur-detail\2023-09-05_Cwz0MtExMG-,unggahan-satu-foto,-
curated\furnitur-detail\2023-09-07_Cw49viXxVrh,unggahan-satu-foto,-
curated\furnitur-detail\2023-10-03_Cx8AIW0Rqi8,unggahan-satu-foto,-
curated\furnitur-detail\2023-10-04_Cx-2BFjRrXt,unggahan-satu-foto,-
curated\furnitur-detail\2023-10-04_Cx-tDSERHI4,unggahan-satu-foto,-
curated\furnitur-detail\2023-10-19_CykNwPGxDc8,unggahan-satu-foto,-
curated\furnitur-detail\2023-10-20_CyoxxDySdyh,unggahan-satu-foto,-
curated\furnitur-detail\2023-10-30_CzAVUIUxMWM,unggahan-satu-foto,-
curated\furnitur-detail\2023-10-30_CzAVVA2xpEO,unggahan-satu-foto,-
curated\furnitur-detail\2024-05-05_C6krZLnRN7s,unggahan-satu-foto,-
curated\furnitur-detail\2024-07-24_C9zPwDEJyVq,unggahan-satu-foto,-
curated\furnitur-detail\2024-07-26_C93xij6p3-i,unggahan-satu-foto,-
curated\furnitur-detail\2024-11-28_DC52e1cTxsm,unggahan-satu-foto,-
curated\furnitur-detail\2025-10-08_DPim9-HEzNT,unggahan-satu-foto,-
curated\furnitur-detail\2025-10-10_DPnwmlrk1tJ,unggahan-satu-foto,-
curated\furnitur-detail\2025-10-13_DPve6Suk_Td,unggahan-satu-foto,-
curated\furnitur-detail\2025-10-24_DQLzrRUk8s6,unggahan-satu-foto,-
curated\furnitur-detail\2025-11-11_DQ6KBJpE3od,unggahan-satu-foto,-
curated\furnitur-detail\2025-11-14_DRB4g4AE3VZ,unggahan-satu-foto,-
curated\furnitur-detail\2025-11-17_DRJm0suE2gg,unggahan-satu-foto,-
curated\furnitur-detail\2025-11-18_DRMLiEDk_IJ,unggahan-satu-foto,-
curated\furnitur-detail\2025-11-25_DReNL8UEzrO,unggahan-satu-foto,-
curated\furnitur-detail\2025-11-26_DRgx5kwkwoB,unggahan-satu-foto,-
curated\furnitur-detail\2025-12-11_DSHZ1yKARW2,unggahan-satu-foto,-
curated\furnitur-detail\2025-12-12_DSJ-mt5k6wS,unggahan-satu-foto,-
curated\furnitur-detail\2025-12-26_DSuTWxNE6kp,unggahan-satu-foto,-
curated\furnitur-detail\2025-12-29_DS12aUxkzuG,unggahan-satu-foto,-
curated\furnitur-detail\2026-01-07_DTM9xhxE2qA,unggahan-satu-foto,-
curated\furnitur-detail\2026-01-13_DTcYjwAk6On,unggahan-satu-foto,-
curated\furnitur-detail\2026-01-17_DTmrTHek9c8,unggahan-satu-foto,-
curated\furnitur-detail\2026-01-23_DT2L6HSEyvT,unggahan-satu-foto,-
curated\furnitur-detail\2026-03-02_DVX-QRnkxvr,unggahan-satu-foto,-
curated\furnitur-detail\2026-03-05_DVfsnPQk255,unggahan-satu-foto,-
curated\furnitur-detail\2026-03-29_DWdLK46E5AG,unggahan-satu-foto,-
curated\furnitur-detail\2026-04-16_DXLvKX5E3zx,unggahan-satu-foto,-
curated\kamar-mandi\2022-01-03_CYQevLUp9pI,unggahan-satu-foto,-
curated\kamar-mandi\2022-01-07_CYataBJpfkC,unggahan-satu-foto,-
curated\kamar-mandi\2022-01-07_CYaXe34JCPe,unggahan-satu-foto,-
curated\kamar-mandi\2022-01-15_CYvLpusp7EA,unggahan-satu-foto,-
curated\kamar-mandi\2022-01-17_CY1QmOwJf9F,unggahan-satu-foto,-
curated\kamar-mandi\2022-07-02_CffnfvFpoOf,unggahan-satu-foto,-
curated\kamar-mandi\2023-01-23_CnvTfPfpJji,unggahan-satu-foto,-
curated\kamar-mandi\2023-08-02_CvcXQCeR5XI,unggahan-satu-foto,-
curated\kamar-mandi\2023-10-24_CyxztF8RZhr,unggahan-satu-foto,-
curated\kamar-mandi\2024-07-04_C8_qKbGRYEx,unggahan-satu-foto,-
curated\kamar-mandi\2025-10-16_DP3NYiykxEN,unggahan-satu-foto,-
curated\kamar-mandi\2025-11-12_DQ8uzuik7u7,unggahan-satu-foto,-
curated\kamar-mandi\2025-11-20_DRRVJAVk2KP,unggahan-satu-foto,-
curated\kamar-mandi\2025-12-31_DS6_XrIk0ke,unggahan-satu-foto,-
curated\kamar-mandi\2026-02-23_DVGKduXE45i,unggahan-satu-foto,-
curated\kamar-tidur\2022-01-07_CYahTiDp8FX,unggahan-satu-foto,-
curated\kamar-tidur\2022-01-07_CYaXzLxpWeD,unggahan-satu-foto,-
curated\kamar-tidur\2022-01-11_CYlVfuSJJMp,unggahan-satu-foto,-
curated\kamar-tidur\2022-02-21_CaOKM1HphW0,unggahan-satu-foto,-
curated\kamar-tidur\2022-02-24_CaWxCmaJ1Jz,unggahan-satu-foto,-
curated\kamar-tidur\2022-02-25_CaYkDNYpb4u,unggahan-satu-foto,-
curated\kamar-tidur\2022-02-27_Cadt_nMJ1Nw,unggahan-satu-foto,-
curated\kamar-tidur\2022-03-07_CayK04fpiRO,unggahan-satu-foto,-
curated\kamar-tidur\2022-05-18_CdsqmzUJPCF,unggahan-satu-foto,-
curated\kamar-tidur\2022-05-19_CduQhBlpnE1,unggahan-satu-foto,-
curated\kamar-tidur\2022-05-24_Cd7j1vCpUMn,unggahan-satu-foto,-
curated\kamar-tidur\2022-06-25_CfN_yodJun9,unggahan-satu-foto,-
curated\kamar-tidur\2022-07-15_CgBbiDpJnyw,unggahan-satu-foto,-
curated\kamar-tidur\2022-07-19_CgLNnvxpCvW,unggahan-satu-foto,-
curated\kamar-tidur\2022-12-22_CmdJwPqJSbm,unggahan-satu-foto,-
curated\kamar-tidur\2022-12-22_CmdJyOmJBO8,unggahan-satu-foto,-
curated\kamar-tidur\2023-02-06_CoUeWAgJFFE,unggahan-satu-foto,-
curated\kamar-tidur\2023-07-19_Cu4J8oox0FS,unggahan-satu-foto,-
curated\kamar-tidur\2023-07-27_CvMWqPoR1WY,unggahan-satu-foto,-
curated\kamar-tidur\2023-10-03_Cx7P0NeRVr-,unggahan-satu-foto,-
curated\kamar-tidur\2026-01-12_DTZywA9kweL,unggahan-satu-foto,-
curated\ruang-keluarga\2022-01-04_CYTCmFAJsT_,unggahan-satu-foto,-
curated\ruang-keluarga\2022-01-20_CY8Qn1GJxF1,unggahan-satu-foto,-
curated\ruang-keluarga\2023-10-19_CykN1PjxpCW,unggahan-satu-foto,-
curated\ruang-keluarga\2023-10-19_CykNp7dx9f2,unggahan-satu-foto,-
curated\ruang-keluarga\2023-10-19_CykPs-oxndw,unggahan-satu-foto,-
curated\ruang-kerja\2023-03-31_CqdHH99p_E1,unggahan-satu-foto,-
curated\ruang-makan\2022-01-18_CY26XnYJXVl,unggahan-satu-foto,-
curated\ruang-makan\2022-01-21_CY-XyqwJl29,unggahan-satu-foto,-
curated\ruang-makan\2022-03-14_CbFb5mMpUg-,unggahan-satu-foto,-
curated\ruang-usaha\2021-12-30_CYGPEahp4lM,unggahan-satu-foto,-
curated\ruang-usaha\2022-01-05_CYVLtd-ps00,unggahan-satu-foto,-
curated\ruang-usaha\2022-01-15_CYvewYiJJVg,unggahan-satu-foto,-
curated\ruang-usaha\2022-01-21_CY-6na-J-Ma,unggahan-satu-foto,-
curated\ruang-usaha\2022-02-02_CZdZN4sJNon,unggahan-satu-foto,-
curated\ruang-usaha\2022-07-09_Cfxk0njJNoc,unggahan-satu-foto,-
curated\ruang-usaha\2022-09-16_CijTuaWJU4i,unggahan-satu-foto,-
curated\ruang-usaha\2023-01-10_CnO8d-tpaai,unggahan-satu-foto,-
curated\ruang-usaha\2023-02-23_CpALaBZJf7H,unggahan-satu-foto,-
curated\ruang-usaha\2023-02-23_CpAV07rJRYS,unggahan-satu-foto,-
curated\ruang-usaha\2023-03-16_Cp2ZrCEpCI7,unggahan-satu-foto,-
curated\ruang-usaha\2023-05-04_CrzemIZp4Tr,unggahan-satu-foto,-
curated\ruang-usaha\2023-07-27_CvMWnsbxxpR,unggahan-satu-foto,-
curated\ruang-usaha\2023-09-19_CxXELemRkmp,unggahan-satu-foto,-
curated\ruang-usaha\2023-09-30_CxzxsRXx5TQ,unggahan-satu-foto,-
curated\ruang-usaha\2023-10-16_CydTOekRoJu,unggahan-satu-foto,-
curated\ruang-usaha\2024-02-26_C3z_Vd0RXx6,unggahan-satu-foto,-
curated\ruang-usaha\2024-03-24_C44mxnbv_Op,unggahan-satu-foto,-
curated\ruang-usaha\2024-10-28_DBqN_o0RH6v,unggahan-satu-foto,-
curated\ruang-usaha\2024-11-04_DB75MGZTVQu,unggahan-satu-foto,-
curated\ruang-usaha\2024-11-28_DC52-6WTXR5,unggahan-satu-foto,-
curated\ruang-usaha\2024-12-10_DDZcuKCTe7f,unggahan-satu-foto,-
curated\ruang-usaha\2025-11-15_DREdPkzk7jy,unggahan-satu-foto,-
curated\ruang-usaha\2025-11-28_DRl8LCDk2u3,unggahan-satu-foto,-
curated\ruang-usaha\2026-04-15_DXJKXFMk9N5,unggahan-satu-foto,-
curated\dapur\2022-02-15_CZ_Zp2opU9r\daikuinterior_CZ_Zp2opU9r_1.jpg,cad-3d,0.6985
curated\dapur\2022-02-19_CaJABsOpCeJ\daikuinterior_CaJABsOpCeJ_4.jpg,promotional,0.524
curated\dapur\2022-05-25_Cd95f3Rp66p\daikuinterior_Cd95f3Rp66p_1.jpg,cad-3d,0.5662
curated\dapur\2022-06-17_Ce45ffmJold\daikuinterior_Ce45ffmJold_0.jpg,cad-3d,0.9564
curated\dapur\2022-06-17_Ce45ffmJold\daikuinterior_Ce45ffmJold_1.jpg,cad-3d,0.8859
curated\dapur\2022-06-17_Ce45ffmJold\daikuinterior_Ce45ffmJold_2.jpg,cad-3d,0.9281
curated\dapur\2022-06-17_Ce45ffmJold\daikuinterior_Ce45ffmJold_3.jpg,cad-3d,0.9536
curated\dapur\2022-06-17_Ce45ffmJold\daikuinterior_Ce45ffmJold_4.jpg,cad-3d,0.9512
curated\dapur\2022-08-04_Cg0cKZZpXhi\daikuinterior_Cg0cKZZpXhi_1.jpg,cad-3d,0.6394
curated\dapur\2022-09-12_CiY2Cz3JZQi\daikuinterior_CiY2Cz3JZQi_2.jpg,cad-3d,0.6333
curated\dapur\2022-09-12_CiY2Cz3JZQi\daikuinterior_CiY2Cz3JZQi_3.jpg,cad-3d,0.8316
curated\dapur\2022-10-05_CjUO_TbJHXy\daikuinterior_CjUO_TbJHXy_0.jpg,cad-3d,0.6102
curated\dapur\2023-02-13_ColmnzlpP4-\daikuinterior_ColmnzlpP4-_0.jpg,cad-3d,0.5429
curated\dapur\2023-02-13_ColmnzlpP4-\daikuinterior_ColmnzlpP4-_3.jpg,cad-3d,0.9221
curated\dapur\2023-02-13_ColmnzlpP4-\daikuinterior_ColmnzlpP4-_4.jpg,cad-3d,0.7361
curated\dapur\2023-03-02_CpRtxu_SgCO\daikuinterior_CpRtxu_SgCO_2.jpg,cad-3d,0.5776
curated\dapur\2023-03-07_CpfY9TOpUkI\daikuinterior_CpfY9TOpUkI_0.jpg,cad-3d,0.5632
curated\dapur\2023-03-07_CpfY9TOpUkI\daikuinterior_CpfY9TOpUkI_1.jpg,cad-3d,0.9174
curated\dapur\2023-03-07_CpfY9TOpUkI\daikuinterior_CpfY9TOpUkI_2.jpg,line-drawing,0.5961
curated\dapur\2023-03-07_CpfY9TOpUkI\daikuinterior_CpfY9TOpUkI_3.jpg,cad-3d,0.8395
curated\dapur\2023-03-07_CpfY9TOpUkI\daikuinterior_CpfY9TOpUkI_5.jpg,cad-3d,0.8631
curated\dapur\2023-03-07_CpfY9TOpUkI\daikuinterior_CpfY9TOpUkI_6.jpg,cad-3d,0.7548
curated\dapur\2023-03-07_CpfY9TOpUkI\daikuinterior_CpfY9TOpUkI_7.jpg,cad-3d,0.8857
curated\dapur\2023-03-09_CpjT9bOpHGi\daikuinterior_CpjT9bOpHGi_0.jpg,cad-3d,0.9633
curated\dapur\2023-03-09_CpjT9bOpHGi\daikuinterior_CpjT9bOpHGi_1.jpg,cad-3d,0.5895
curated\dapur\2023-03-09_CpjT9bOpHGi\daikuinterior_CpjT9bOpHGi_2.jpg,cad-3d,0.83
curated\dapur\2023-05-02_CruK5LWPke7\daikuinterior_CruK5LWPke7_0.jpg,cad-3d,0.8326
curated\dapur\2023-05-10_CsDd-zfRR6e\daikuinterior_CsDd-zfRR6e_0.jpg,cad-3d,0.9985
curated\dapur\2023-05-10_CsDd-zfRR6e\daikuinterior_CsDd-zfRR6e_1.jpg,cad-3d,0.994
curated\dapur\2023-05-10_CsDd-zfRR6e\daikuinterior_CsDd-zfRR6e_2.jpg,cad-3d,0.9924
curated\dapur\2023-05-10_CsDd-zfRR6e\daikuinterior_CsDd-zfRR6e_3.jpg,cad-3d,0.9444
curated\dapur\2023-05-10_CsDd-zfRR6e\daikuinterior_CsDd-zfRR6e_4.jpg,cad-3d,0.9881
curated\dapur\2023-05-10_CsDd-zfRR6e\daikuinterior_CsDd-zfRR6e_5.jpg,cad-3d,0.9951
curated\dapur\2023-05-10_CsDd-zfRR6e\daikuinterior_CsDd-zfRR6e_6.jpg,cad-3d,0.9803
curated\dapur\2023-05-20_CsdoKKDSREK\daikuinterior_CsdoKKDSREK_7.jpg,cad-3d,0.7834
curated\dapur\2023-06-15_CtguYlHRPFb\daikuinterior_CtguYlHRPFb_0.jpg,cad-3d,0.5971
curated\dapur\2023-10-06_CyDukZFxMn7\daikuinterior_CyDukZFxMn7_0.jpg,cad-3d,0.6118
curated\dapur\2023-10-11_CyQdbhQx5xL\daikuinterior_CyQdbhQx5xL_0.jpg,cad-3d,0.5262
curated\dapur\2023-10-16_CycQpEYx666\daikuinterior_CycQpEYx666_4.jpg,cad-3d,0.5426
curated\dapur\2023-10-17_Cye4_MyR7S9\daikuinterior_Cye4_MyR7S9_4.jpg,cad-3d,0.8939
curated\dapur\2023-10-17_Cye4_MyR7S9\daikuinterior_Cye4_MyR7S9_7.jpg,cad-3d,0.572
curated\dapur\2023-10-24_CyxzcXhxVag\daikuinterior_CyxzcXhxVag_0.jpg,cad-3d,0.9823
curated\dapur\2023-10-24_CyxzcXhxVag\daikuinterior_CyxzcXhxVag_1.jpg,cad-3d,0.9812
curated\dapur\2023-10-24_CyxzcXhxVag\daikuinterior_CyxzcXhxVag_2.jpg,cad-3d,0.9514
curated\dapur\2023-10-25_Cy0h6SIR0kj\daikuinterior_Cy0h6SIR0kj_3.jpg,cad-3d,0.6499
curated\dapur\2023-10-25_Cy0h6SIR0kj\daikuinterior_Cy0h6SIR0kj_5.jpg,cad-3d,0.5592
curated\dapur\2023-11-09_CzaXI0OxVAt\daikuinterior_CzaXI0OxVAt_2.jpg,cad-3d,0.6033
curated\dapur\2023-12-15_C03dK4Gx7HG\daikuinterior_C03dK4Gx7HG_3.jpg,cad-3d,0.5841
curated\dapur\2024-01-06_C1ve_1Sxijq\daikuinterior_C1ve_1Sxijq_5.jpg,cad-3d,0.9997
curated\dapur\2024-01-06_C1ve_1Sxijq\daikuinterior_C1ve_1Sxijq_6.jpg,cad-3d,0.9996
curated\dapur\2024-01-27_C2lhU1GxuWT\daikuinterior_C2lhU1GxuWT_9.jpg,cad-3d,0.7446
curated\dapur\2024-02-21_C3mqfspxelj\daikuinterior_C3mqfspxelj_2.jpg,cad-3d,0.5504
curated\dapur\2024-02-28_C34Kb0Wxppr\daikuinterior_C34Kb0Wxppr_3.jpg,cad-3d,0.6379
curated\dapur\2024-02-28_C34Kb0Wxppr\daikuinterior_C34Kb0Wxppr_7.jpg,cad-3d,0.6028
curated\dapur\2024-03-22_C4zIs_NvrJp\daikuinterior_C4zIs_NvrJp_2.jpg,cad-3d,0.749
curated\dapur\2024-03-22_C4zIs_NvrJp\daikuinterior_C4zIs_NvrJp_3.jpg,cad-3d,0.8239
curated\dapur\2024-03-22_C4zIs_NvrJp\daikuinterior_C4zIs_NvrJp_4.jpg,cad-3d,0.5996
curated\dapur\2024-10-28_DBqWFoaxcSu\daikuinterior_DBqWFoaxcSu_2.jpg,cad-3d,0.9213
curated\dapur\2024-10-28_DBqWFoaxcSu\daikuinterior_DBqWFoaxcSu_6.jpg,cad-3d,0.552
curated\dapur\2024-11-28_DC52uy3TtL7\daikuinterior_DC52uy3TtL7_0.jpg,cad-3d,0.7403
curated\dapur\2024-11-28_DC52uy3TtL7\daikuinterior_DC52uy3TtL7_1.jpg,cad-3d,0.8052
curated\dapur\2024-11-28_DC52uy3TtL7\daikuinterior_DC52uy3TtL7_2.jpg,cad-3d,0.5612
curated\dapur\2025-06-10_DKtD2-yRhyZ\daikuinterior_DKtD2-yRhyZ_0.jpg,cad-3d,0.5328
curated\dapur\2025-06-10_DKtD2-yRhyZ\daikuinterior_DKtD2-yRhyZ_1.jpg,cad-3d,0.6543
curated\dapur\2025-06-10_DKtD2-yRhyZ\daikuinterior_DKtD2-yRhyZ_2.jpg,cad-3d,0.9408
curated\dapur\2025-06-21_DLKQQeQxomB\daikuinterior_DLKQQeQxomB_0.jpg,cad-3d,0.5429
curated\dapur\2025-06-21_DLKQQeQxomB\daikuinterior_DLKQQeQxomB_1.jpg,cad-3d,0.7714
curated\dapur\2025-07-01_DLjaJ-Xxmv8\daikuinterior_DLjaJ-Xxmv8_0.jpg,cad-3d,0.7506
curated\dapur\2025-07-01_DLjaJ-Xxmv8\daikuinterior_DLjaJ-Xxmv8_3.jpg,cad-3d,0.6104
curated\dapur\2025-11-07_DQv156Zk5p4\daikuinterior_DQv156Zk5p4_1.jpg,promotional,0.5604
curated\dapur\2025-11-19_DROwZdLE9GR\daikuinterior_DROwZdLE9GR_1.jpg,promotional,0.7698
curated\dapur\2025-11-21_DRT58zdk9MY\daikuinterior_DRT58zdk9MY_0.jpg,cad-3d,0.6678
curated\dapur\2025-11-21_DRT58zdk9MY\daikuinterior_DRT58zdk9MY_1.jpg,promotional,0.5319
curated\dapur\2026-01-27_DUAbMWsE-9t\daikuinterior_DUAbMWsE-9t_0.jpg,cad-3d,0.6519
curated\dapur\2026-01-27_DUAbMWsE-9t\daikuinterior_DUAbMWsE-9t_1.jpg,promotional,0.7053
curated\dapur\2026-02-21_DVAzDfhE_Nf\daikuinterior_DVAzDfhE_Nf_3.jpg,promotional,0.5419
curated\dapur\2026-03-04_DVdH0iOk8u5\daikuinterior_DVdH0iOk8u5_1.jpg,cad-3d,0.7323
curated\dapur\2026-03-09_DVp_2cIE0DT\daikuinterior_DVp_2cIE0DT_1.jpg,cad-3d,0.7347
curated\dapur\2026-03-09_DVp_2cIE0DT\daikuinterior_DVp_2cIE0DT_2.jpg,cad-3d,0.5486
curated\dapur\2026-03-09_DVp_2cIE0DT\daikuinterior_DVp_2cIE0DT_3.jpg,cad-3d,0.8109
curated\dapur\2026-03-14_DV232DrExXA\daikuinterior_DV232DrExXA_1.jpg,cad-3d,0.7748
curated\dapur\2026-03-16_DV8Ah2jE2AQ\daikuinterior_DV8Ah2jE2AQ_2.jpg,cad-3d,0.7533
curated\eksterior\2022-05-25_Cd9pj4ypvTl\daikuinterior_Cd9pj4ypvTl_3.jpg,cad-3d,0.6318
curated\eksterior\2022-05-28_CeFTFQjJ88k\daikuinterior_CeFTFQjJ88k_0.jpg,cad-3d,0.9824
curated\eksterior\2022-05-28_CeFTFQjJ88k\daikuinterior_CeFTFQjJ88k_1.jpg,cad-3d,0.9968
curated\eksterior\2022-05-28_CeFTFQjJ88k\daikuinterior_CeFTFQjJ88k_2.jpg,cad-3d,0.9903
curated\eksterior\2022-05-28_CeFTFQjJ88k\daikuinterior_CeFTFQjJ88k_3.jpg,cad-3d,0.9862
curated\eksterior\2022-05-28_CeFTFQjJ88k\daikuinterior_CeFTFQjJ88k_4.jpg,cad-3d,0.9916
curated\eksterior\2022-05-28_CeFTFQjJ88k\daikuinterior_CeFTFQjJ88k_5.jpg,cad-3d,0.9951
curated\eksterior\2022-05-28_CeGVM5TJcog\daikuinterior_CeGVM5TJcog_3.jpg,cad-3d,0.5813
curated\eksterior\2022-06-29_CfXrf-xpZxi\daikuinterior_CfXrf-xpZxi_0.jpg,cad-3d,0.9731
curated\eksterior\2022-06-29_CfXrf-xpZxi\daikuinterior_CfXrf-xpZxi_1.jpg,cad-3d,0.9941
curated\eksterior\2022-06-29_CfXrf-xpZxi\daikuinterior_CfXrf-xpZxi_2.jpg,cad-3d,0.9883
curated\eksterior\2022-06-29_CfXrf-xpZxi\daikuinterior_CfXrf-xpZxi_3.jpg,cad-3d,0.9787
curated\eksterior\2022-06-29_CfXrf-xpZxi\daikuinterior_CfXrf-xpZxi_4.jpg,cad-3d,0.9707
curated\eksterior\2022-06-29_CfYubCjJycE\daikuinterior_CfYubCjJycE_0.jpg,cad-3d,0.9741
curated\eksterior\2022-06-29_CfYubCjJycE\daikuinterior_CfYubCjJycE_2.jpg,cad-3d,0.9256
curated\eksterior\2022-06-29_CfYubCjJycE\daikuinterior_CfYubCjJycE_3.jpg,cad-3d,0.9476
curated\eksterior\2023-03-31_Cqc_kb1JUgd\daikuinterior_Cqc_kb1JUgd_0.jpg,cad-3d,0.9953
curated\eksterior\2023-03-31_Cqc_kb1JUgd\daikuinterior_Cqc_kb1JUgd_1.jpg,cad-3d,0.9801
curated\eksterior\2023-06-22_Ctx0NnNxhwT\daikuinterior_Ctx0NnNxhwT_3.jpg,cad-3d,0.7883
curated\eksterior\2023-08-11_CvzarOpRRb6\daikuinterior_CvzarOpRRb6_0.jpg,cad-3d,0.8441
curated\eksterior\2023-08-11_CvzarOpRRb6\daikuinterior_CvzarOpRRb6_1.jpg,cad-3d,0.9894
curated\eksterior\2023-08-11_CvzarOpRRb6\daikuinterior_CvzarOpRRb6_2.jpg,cad-3d,0.7813
curated\eksterior\2023-08-11_CvzarOpRRb6\daikuinterior_CvzarOpRRb6_3.jpg,cad-3d,0.8343
curated\eksterior\2023-09-25_CxnAEcIR5pB\daikuinterior_CxnAEcIR5pB_0.jpg,cad-3d,0.9945
curated\eksterior\2023-09-25_CxnAEcIR5pB\daikuinterior_CxnAEcIR5pB_1.jpg,cad-3d,0.9913
curated\eksterior\2023-09-25_CxnAEcIR5pB\daikuinterior_CxnAEcIR5pB_2.jpg,cad-3d,0.9793
curated\eksterior\2023-09-25_CxnAEcIR5pB\daikuinterior_CxnAEcIR5pB_4.jpg,cad-3d,0.7401
curated\eksterior\2023-09-25_CxnAOUnR6uT\daikuinterior_CxnAOUnR6uT_0.jpg,cad-3d,0.9962
curated\eksterior\2023-09-25_CxnAOUnR6uT\daikuinterior_CxnAOUnR6uT_1.jpg,cad-3d,0.9899
curated\eksterior\2023-09-25_CxnAOUnR6uT\daikuinterior_CxnAOUnR6uT_2.jpg,cad-3d,0.9849
curated\eksterior\2023-09-25_CxnAOUnR6uT\daikuinterior_CxnAOUnR6uT_3.jpg,cad-3d,0.7892
curated\eksterior\2023-10-06_CyDKQTpRLAw\daikuinterior_CyDKQTpRLAw_0.jpg,cad-3d,0.9344
curated\eksterior\2023-10-06_CyDKQTpRLAw\daikuinterior_CyDKQTpRLAw_1.jpg,cad-3d,0.9509
curated\eksterior\2023-10-06_CyDKScpR_rF\daikuinterior_CyDKScpR_rF_0.jpg,cad-3d,0.9571
curated\eksterior\2023-10-06_CyDKScpR_rF\daikuinterior_CyDKScpR_rF_1.jpg,cad-3d,0.9729
curated\eksterior\2023-10-11_CyQdtPFRNNO\daikuinterior_CyQdtPFRNNO_0.jpg,cad-3d,0.5314
curated\eksterior\2023-10-18_CyiA-qDxFJu\daikuinterior_CyiA-qDxFJu_0.jpg,cad-3d,0.909
curated\eksterior\2023-10-18_CyiA-qDxFJu\daikuinterior_CyiA-qDxFJu_1.jpg,cad-3d,0.9781
curated\eksterior\2023-10-18_CyiA-qDxFJu\daikuinterior_CyiA-qDxFJu_2.jpg,cad-3d,0.9597
curated\eksterior\2023-10-18_CyiA-qDxFJu\daikuinterior_CyiA-qDxFJu_3.jpg,cad-3d,0.9937
curated\eksterior\2023-10-18_CyiAzJmRvvv\daikuinterior_CyiAzJmRvvv_0.jpg,cad-3d,0.9945
curated\eksterior\2023-10-18_CyiAzJmRvvv\daikuinterior_CyiAzJmRvvv_1.jpg,cad-3d,0.9743
curated\eksterior\2023-10-18_CyiAzJmRvvv\daikuinterior_CyiAzJmRvvv_2.jpg,cad-3d,0.9958
curated\eksterior\2023-10-18_CyiAzJmRvvv\daikuinterior_CyiAzJmRvvv_3.jpg,cad-3d,0.9946
curated\eksterior\2023-10-18_CyiBCjlRGRy\daikuinterior_CyiBCjlRGRy_0.jpg,cad-3d,0.9833
curated\eksterior\2023-10-18_CyiBCjlRGRy\daikuinterior_CyiBCjlRGRy_1.jpg,cad-3d,0.9852
curated\eksterior\2023-10-18_CyiBCjlRGRy\daikuinterior_CyiBCjlRGRy_2.jpg,cad-3d,0.9304
curated\eksterior\2023-10-18_CyiBCjlRGRy\daikuinterior_CyiBCjlRGRy_3.jpg,cad-3d,0.9419
curated\eksterior\2023-12-04_C0awKtvR56g\daikuinterior_C0awKtvR56g_0.jpg,cad-3d,0.9985
curated\eksterior\2023-12-04_C0awKtvR56g\daikuinterior_C0awKtvR56g_1.jpg,cad-3d,0.9873
curated\eksterior\2023-12-04_C0awKtvR56g\daikuinterior_C0awKtvR56g_2.jpg,cad-3d,0.9977
curated\eksterior\2023-12-05_C0deu9pRsG4\daikuinterior_C0deu9pRsG4_0.jpg,cad-3d,0.9943
curated\eksterior\2023-12-05_C0deu9pRsG4\daikuinterior_C0deu9pRsG4_2.jpg,cad-3d,0.9849
curated\eksterior\2023-12-05_C0deu9pRsG4\daikuinterior_C0deu9pRsG4_3.jpg,cad-3d,0.9635
curated\eksterior\2023-12-05_C0deu9pRsG4\daikuinterior_C0deu9pRsG4_4.jpg,cad-3d,0.9492
curated\eksterior\2023-12-20_C1DuPPSRX0C\daikuinterior_C1DuPPSRX0C_0.jpg,cad-3d,0.7291
curated\eksterior\2023-12-20_C1DuPPSRX0C\daikuinterior_C1DuPPSRX0C_1.jpg,cad-3d,0.9205
curated\eksterior\2023-12-20_C1DuPPSRX0C\daikuinterior_C1DuPPSRX0C_2.jpg,cad-3d,0.6558
curated\eksterior\2023-12-20_C1DuPPSRX0C\daikuinterior_C1DuPPSRX0C_3.jpg,cad-3d,0.8267
curated\eksterior\2023-12-20_C1DuPPSRX0C\daikuinterior_C1DuPPSRX0C_4.jpg,cad-3d,0.7278
curated\eksterior\2023-12-28_C1YcetuRFgg\daikuinterior_C1YcetuRFgg_0.jpg,cad-3d,0.9802
curated\eksterior\2023-12-28_C1YcetuRFgg\daikuinterior_C1YcetuRFgg_1.jpg,cad-3d,0.98
curated\eksterior\2023-12-28_C1YcetuRFgg\daikuinterior_C1YcetuRFgg_2.jpg,cad-3d,0.8405
curated\eksterior\2023-12-28_C1YcetuRFgg\daikuinterior_C1YcetuRFgg_3.jpg,cad-3d,0.9182
curated\eksterior\2024-02-23_C3r1ShmxLE8\daikuinterior_C3r1ShmxLE8_0.jpg,cad-3d,0.9419
curated\eksterior\2024-02-23_C3r1ShmxLE8\daikuinterior_C3r1ShmxLE8_1.jpg,cad-3d,0.9603
curated\eksterior\2024-02-24_C3uJHJaxy8Q\daikuinterior_C3uJHJaxy8Q_0.jpg,cad-3d,0.9078
curated\eksterior\2024-02-24_C3uJHJaxy8Q\daikuinterior_C3uJHJaxy8Q_2.jpg,cad-3d,0.5767
curated\eksterior\2024-02-24_C3uJHJaxy8Q\daikuinterior_C3uJHJaxy8Q_3.jpg,cad-3d,0.9445
curated\eksterior\2024-02-24_C3uJHJaxy8Q\daikuinterior_C3uJHJaxy8Q_4.jpg,line-drawing,0.7415
curated\eksterior\2024-02-24_C3uJHJaxy8Q\daikuinterior_C3uJHJaxy8Q_5.jpg,cad-3d,0.9915
curated\eksterior\2024-02-24_C3uJHJaxy8Q\daikuinterior_C3uJHJaxy8Q_6.jpg,cad-3d,0.9861
curated\eksterior\2024-06-13_C8JFtAmx2km\daikuinterior_C8JFtAmx2km_0.jpg,cad-3d,0.9785
curated\eksterior\2024-06-13_C8JFtAmx2km\daikuinterior_C8JFtAmx2km_1.jpg,cad-3d,0.949
curated\eksterior\2024-06-13_C8JFtAmx2km\daikuinterior_C8JFtAmx2km_2.jpg,cad-3d,0.9596
curated\eksterior\2024-06-13_C8JFtAmx2km\daikuinterior_C8JFtAmx2km_3.jpg,cad-3d,0.9898
curated\eksterior\2024-06-13_C8JFtAmx2km\daikuinterior_C8JFtAmx2km_4.jpg,cad-3d,0.8917
curated\eksterior\2024-09-10_C_uw1EbzQ7b\daikuinterior_C_uw1EbzQ7b_0.jpg,cad-3d,0.9904
curated\eksterior\2024-09-10_C_uw1EbzQ7b\daikuinterior_C_uw1EbzQ7b_1.jpg,cad-3d,0.9991
curated\eksterior\2024-09-10_C_uw1EbzQ7b\daikuinterior_C_uw1EbzQ7b_2.jpg,cad-3d,0.9882
curated\eksterior\2024-09-10_C_uw1EbzQ7b\daikuinterior_C_uw1EbzQ7b_3.jpg,cad-3d,0.9675
curated\eksterior\2024-09-10_C_uw1EbzQ7b\daikuinterior_C_uw1EbzQ7b_4.jpg,cad-3d,0.995
curated\eksterior\2024-09-10_C_uw1EbzQ7b\daikuinterior_C_uw1EbzQ7b_5.jpg,cad-3d,0.9886
curated\eksterior\2024-09-10_C_uw1EbzQ7b\daikuinterior_C_uw1EbzQ7b_6.jpg,cad-3d,0.966
curated\eksterior\2024-09-10_C_uw1EbzQ7b\daikuinterior_C_uw1EbzQ7b_7.jpg,cad-3d,0.9914
curated\eksterior\2025-11-01_DQgaBnJkxg7\daikuinterior_DQgaBnJkxg7_0.jpg,line-drawing,0.7167
curated\eksterior\2025-12-23_DSmTdLDk0oq\daikuinterior_DSmTdLDk0oq_0.jpg,line-drawing,0.8552
curated\eksterior\2026-01-28_DUDBmRCE2G9\daikuinterior_DUDBmRCE2G9_0.jpg,line-drawing,0.6943
curated\eksterior\2026-03-21_DWJisTHkzZQ\daikuinterior_DWJisTHkzZQ_0.jpg,cad-3d,0.9004
curated\eksterior\2026-03-21_DWJisTHkzZQ\daikuinterior_DWJisTHkzZQ_1.jpg,cad-3d,0.9928
curated\furnitur-detail\2022-02-05_CZlLnHmpfrR\daikuinterior_CZlLnHmpfrR_0.jpg,cad-3d,0.8697
curated\furnitur-detail\2022-02-05_CZlLnHmpfrR\daikuinterior_CZlLnHmpfrR_1.jpg,cad-3d,0.77
curated\furnitur-detail\2022-02-05_CZlLnHmpfrR\daikuinterior_CZlLnHmpfrR_2.jpg,cad-3d,0.8069
curated\furnitur-detail\2022-03-24_CbeT_iXJlXq\daikuinterior_CbeT_iXJlXq_2.jpg,cad-3d,0.6563
curated\furnitur-detail\2022-03-24_CbeT_iXJlXq\daikuinterior_CbeT_iXJlXq_3.jpg,cad-3d,0.6624
curated\furnitur-detail\2022-03-24_CbeT_iXJlXq\daikuinterior_CbeT_iXJlXq_4.jpg,cad-3d,0.8642
curated\furnitur-detail\2022-03-26_CbjHxyup0Dp\daikuinterior_CbjHxyup0Dp_0.jpg,cad-3d,0.6064
curated\furnitur-detail\2022-03-26_CbjHxyup0Dp\daikuinterior_CbjHxyup0Dp_1.jpg,cad-3d,0.7835
curated\furnitur-detail\2022-04-04_Cb6l2zfB75K\daikuinterior_Cb6l2zfB75K_1.jpg,cad-3d,0.8448
curated\furnitur-detail\2022-04-04_Cb6l2zfB75K\daikuinterior_Cb6l2zfB75K_2.jpg,cad-3d,0.6637
curated\furnitur-detail\2022-04-04_Cb6l2zfB75K\daikuinterior_Cb6l2zfB75K_3.jpg,cad-3d,0.9059
curated\furnitur-detail\2022-04-04_Cb6l2zfB75K\daikuinterior_Cb6l2zfB75K_5.jpg,cad-3d,0.9047
curated\furnitur-detail\2022-04-04_Cb6l2zfB75K\daikuinterior_Cb6l2zfB75K_6.jpg,cad-3d,0.9468
curated\furnitur-detail\2022-04-04_Cb6lPm2h2pW\daikuinterior_Cb6lPm2h2pW_3.jpg,promotional,0.8685
curated\furnitur-detail\2022-05-27_CeDMxgvJtJX\daikuinterior_CeDMxgvJtJX_1.jpg,cad-3d,0.953
curated\furnitur-detail\2022-05-27_CeDMxgvJtJX\daikuinterior_CeDMxgvJtJX_2.jpg,cad-3d,0.7326
curated\furnitur-detail\2022-05-27_CeDMxgvJtJX\daikuinterior_CeDMxgvJtJX_3.jpg,cad-3d,0.5773
curated\furnitur-detail\2022-07-07_CftEB4cJPgN\daikuinterior_CftEB4cJPgN_0.jpg,cad-3d,0.693
curated\furnitur-detail\2022-07-07_CftEB4cJPgN\daikuinterior_CftEB4cJPgN_1.jpg,cad-3d,0.5269
curated\furnitur-detail\2022-08-05_Cg3MaW4pbxA\daikuinterior_Cg3MaW4pbxA_5.jpg,cad-3d,0.6007
curated\furnitur-detail\2022-08-05_Cg3MaW4pbxA\daikuinterior_Cg3MaW4pbxA_6.jpg,cad-3d,0.5315
curated\furnitur-detail\2022-08-09_ChCdUeDJ3l5\daikuinterior_ChCdUeDJ3l5_0.jpg,cad-3d,0.878
curated\furnitur-detail\2022-08-09_ChCdUeDJ3l5\daikuinterior_ChCdUeDJ3l5_1.jpg,cad-3d,0.9651
curated\furnitur-detail\2022-08-09_ChCdUeDJ3l5\daikuinterior_ChCdUeDJ3l5_2.jpg,cad-3d,0.8836
curated\furnitur-detail\2022-08-29_Ch0_a7cJ_3y\daikuinterior_Ch0_a7cJ_3y_4.jpg,cad-3d,0.726
curated\furnitur-detail\2022-10-10_CjhE03xpNGs\daikuinterior_CjhE03xpNGs_1.jpg,cad-3d,0.5267
curated\furnitur-detail\2022-12-24_CmiT0s7pU0D\daikuinterior_CmiT0s7pU0D_1.jpg,cad-3d,0.5583
curated\furnitur-detail\2023-01-18_Cniy8Qrpk7d\daikuinterior_Cniy8Qrpk7d_0.jpg,cad-3d,0.9893
curated\furnitur-detail\2023-01-18_Cniy8Qrpk7d\daikuinterior_Cniy8Qrpk7d_1.jpg,cad-3d,0.997
curated\furnitur-detail\2023-01-18_Cniy8Qrpk7d\daikuinterior_Cniy8Qrpk7d_2.jpg,cad-3d,0.9978
curated\furnitur-detail\2023-01-24_Cny492EpLzS\daikuinterior_Cny492EpLzS_0.jpg,cad-3d,0.6931
curated\furnitur-detail\2023-01-24_Cny492EpLzS\daikuinterior_Cny492EpLzS_1.jpg,cad-3d,0.7604
curated\furnitur-detail\2023-02-21_Co7bgLUpLrw\daikuinterior_Co7bgLUpLrw_0.webp,cad-3d,0.8857
curated\furnitur-detail\2023-02-21_Co7bgLUpLrw\daikuinterior_Co7bgLUpLrw_1.webp,cad-3d,0.9546
curated\furnitur-detail\2023-02-21_Co7bgLUpLrw\daikuinterior_Co7bgLUpLrw_2.webp,cad-3d,0.9843
curated\furnitur-detail\2023-02-21_Co7bgLUpLrw\daikuinterior_Co7bgLUpLrw_3.webp,cad-3d,0.9982
curated\furnitur-detail\2023-02-21_Co7bgLUpLrw\daikuinterior_Co7bgLUpLrw_4.webp,cad-3d,0.9975
curated\furnitur-detail\2023-02-21_Co7bgLUpLrw\daikuinterior_Co7bgLUpLrw_5.webp,cad-3d,0.9957
curated\furnitur-detail\2023-03-24_CqKis3eJ1lZ\daikuinterior_CqKis3eJ1lZ_0.jpg,cad-3d,0.9223
curated\furnitur-detail\2023-03-24_CqKis3eJ1lZ\daikuinterior_CqKis3eJ1lZ_1.jpg,cad-3d,0.94
curated\furnitur-detail\2023-03-24_CqKis3eJ1lZ\daikuinterior_CqKis3eJ1lZ_3.jpg,cad-3d,0.9248
curated\furnitur-detail\2023-03-24_CqKis3eJ1lZ\daikuinterior_CqKis3eJ1lZ_4.jpg,cad-3d,0.9917
curated\furnitur-detail\2023-04-07_CquDOW-pkiK\daikuinterior_CquDOW-pkiK_0.jpg,cad-3d,0.9084
curated\furnitur-detail\2023-04-07_CquDOW-pkiK\daikuinterior_CquDOW-pkiK_1.jpg,cad-3d,0.7817
curated\furnitur-detail\2023-04-07_CquDOW-pkiK\daikuinterior_CquDOW-pkiK_2.jpg,cad-3d,0.9517
curated\furnitur-detail\2023-04-11_Cq40NI8u0JJ\daikuinterior_Cq40NI8u0JJ_0.jpg,cad-3d,0.9976
curated\furnitur-detail\2023-04-11_Cq40NI8u0JJ\daikuinterior_Cq40NI8u0JJ_1.jpg,cad-3d,0.9994
curated\furnitur-detail\2023-04-19_CrNqTxKpYA_\daikuinterior_CrNqTxKpYA__1.jpg,cad-3d,0.5822
curated\furnitur-detail\2023-04-19_CrNqTxKpYA_\daikuinterior_CrNqTxKpYA__2.jpg,cad-3d,0.7728
curated\furnitur-detail\2023-05-10_CsDdVTlxLcb\daikuinterior_CsDdVTlxLcb_4.jpg,line-drawing,0.8023
curated\furnitur-detail\2023-05-23_CslQ4n_x4H4\daikuinterior_CslQ4n_x4H4_1.jpg,cad-3d,0.7115
curated\furnitur-detail\2023-06-02_Cs_HexjxA5e\daikuinterior_Cs_HexjxA5e_1.jpg,cad-3d,0.8597
curated\furnitur-detail\2023-08-03_Cvetdlux1dg\daikuinterior_Cvetdlux1dg_3.jpg,cad-3d,0.9288
curated\furnitur-detail\2023-08-03_Cvetdlux1dg\daikuinterior_Cvetdlux1dg_7.jpg,cad-3d,0.7089
curated\furnitur-detail\2023-08-07_CvovLQDRQhO\daikuinterior_CvovLQDRQhO_3.jpg,cad-3d,0.9927
curated\furnitur-detail\2023-08-07_CvovLQDRQhO\daikuinterior_CvovLQDRQhO_4.jpg,cad-3d,0.9718
curated\furnitur-detail\2023-08-09_Cvug4VpRvlK\daikuinterior_Cvug4VpRvlK_2.jpg,cad-3d,0.7458
curated\furnitur-detail\2023-08-09_Cvug4VpRvlK\daikuinterior_Cvug4VpRvlK_4.jpg,cad-3d,0.8461
curated\furnitur-detail\2023-08-09_Cvug4VpRvlK\daikuinterior_Cvug4VpRvlK_8.jpg,cad-3d,0.905
curated\furnitur-detail\2023-08-09_Cvug4VpRvlK\daikuinterior_Cvug4VpRvlK_9.jpg,cad-3d,0.986
curated\furnitur-detail\2023-08-09_Cvug_LHR2zh\daikuinterior_Cvug_LHR2zh_0.jpg,cad-3d,0.9346
curated\furnitur-detail\2023-08-09_Cvug_LHR2zh\daikuinterior_Cvug_LHR2zh_1.jpg,cad-3d,0.9117
curated\furnitur-detail\2023-08-09_Cvug_LHR2zh\daikuinterior_Cvug_LHR2zh_2.jpg,cad-3d,0.6159
curated\furnitur-detail\2023-08-09_Cvug_LHR2zh\daikuinterior_Cvug_LHR2zh_3.jpg,cad-3d,0.905
curated\furnitur-detail\2023-08-09_Cvug_LHR2zh\daikuinterior_Cvug_LHR2zh_4.jpg,cad-3d,0.986
curated\furnitur-detail\2023-08-09_Cvug_LHR2zh\daikuinterior_Cvug_LHR2zh_5.jpg,cad-3d,0.5429
curated\furnitur-detail\2023-08-15_Cv9i1lsRBM2\daikuinterior_Cv9i1lsRBM2_1.jpg,cad-3d,0.5329
curated\furnitur-detail\2023-10-09_CyMlOc6SMBt\daikuinterior_CyMlOc6SMBt_4.jpg,line-drawing,0.6584
curated\furnitur-detail\2023-10-12_CySJlHeRJaK\daikuinterior_CySJlHeRJaK_0.jpg,line-drawing,0.5893
curated\furnitur-detail\2023-10-12_CySJlHeRJaK\daikuinterior_CySJlHeRJaK_1.jpg,cad-3d,0.8473
curated\furnitur-detail\2023-10-12_CySJlHeRJaK\daikuinterior_CySJlHeRJaK_2.jpg,line-drawing,0.6215
curated\furnitur-detail\2023-10-20_CyoxfQMy2f0\daikuinterior_CyoxfQMy2f0_3.jpg,cad-3d,0.5256
curated\furnitur-detail\2023-10-20_CyoxfQMy2f0\daikuinterior_CyoxfQMy2f0_4.jpg,cad-3d,0.5695
curated\furnitur-detail\2023-11-07_CzWICEtRYZZ\daikuinterior_CzWICEtRYZZ_8.jpg,cad-3d,0.8248
curated\furnitur-detail\2023-11-15_CzrxVMYSarG\daikuinterior_CzrxVMYSarG_0.jpg,cad-3d,0.889
curated\furnitur-detail\2023-11-15_CzrxVMYSarG\daikuinterior_CzrxVMYSarG_1.jpg,cad-3d,0.708
curated\furnitur-detail\2023-11-15_CzrxVMYSarG\daikuinterior_CzrxVMYSarG_2.jpg,cad-3d,0.6461
curated\furnitur-detail\2023-11-15_CzrxVMYSarG\daikuinterior_CzrxVMYSarG_4.jpg,cad-3d,0.6851
curated\furnitur-detail\2023-11-23_Cz-3_EdRya7\daikuinterior_Cz-3_EdRya7_3.jpg,cad-3d,0.9903
curated\furnitur-detail\2023-11-28_C0LU8xnRnb3\daikuinterior_C0LU8xnRnb3_2.jpg,cad-3d,0.9979
curated\furnitur-detail\2023-12-19_C1BcT6BR7ez\daikuinterior_C1BcT6BR7ez_0.jpg,cad-3d,0.6556
curated\furnitur-detail\2023-12-24_C1N2Lv3yWvp\daikuinterior_C1N2Lv3yWvp_9.jpg,cad-3d,0.8706
curated\furnitur-detail\2023-12-29_C1a4BMzRTW4\daikuinterior_C1a4BMzRTW4_7.jpg,cad-3d,0.5515
curated\furnitur-detail\2024-01-05_C1s3cVZRajZ\daikuinterior_C1s3cVZRajZ_0.jpg,cad-3d,0.9096
curated\furnitur-detail\2024-01-05_C1s3cVZRajZ\daikuinterior_C1s3cVZRajZ_6.jpg,cad-3d,0.5327
curated\furnitur-detail\2024-01-05_C1s3cVZRajZ\daikuinterior_C1s3cVZRajZ_7.jpg,cad-3d,0.537
curated\furnitur-detail\2024-02-03_C23-TbkxmoL\daikuinterior_C23-TbkxmoL_1.jpg,cad-3d,0.5203
curated\furnitur-detail\2024-02-03_C23-TbkxmoL\daikuinterior_C23-TbkxmoL_2.jpg,cad-3d,0.5434
curated\furnitur-detail\2024-02-03_C23-TbkxmoL\daikuinterior_C23-TbkxmoL_4.jpg,cad-3d,0.6192
curated\furnitur-detail\2024-02-10_C3JltrTRvdT\daikuinterior_C3JltrTRvdT_1.jpg,cad-3d,0.7376
curated\furnitur-detail\2024-02-10_C3JltrTRvdT\daikuinterior_C3JltrTRvdT_2.jpg,cad-3d,0.7574
curated\furnitur-detail\2024-02-22_C3plFu2R2Q9\daikuinterior_C3plFu2R2Q9_1.jpg,cad-3d,0.6251
curated\furnitur-detail\2024-02-22_C3plFu2R2Q9\daikuinterior_C3plFu2R2Q9_2.jpg,cad-3d,0.5219
curated\furnitur-detail\2024-02-23_C3rEZ6sxd2n\daikuinterior_C3rEZ6sxd2n_1.jpg,cad-3d,0.7594
curated\furnitur-detail\2024-02-23_C3rvbPgxxBQ\daikuinterior_C3rvbPgxxBQ_2.jpg,cad-3d,0.7298
curated\furnitur-detail\2024-02-23_C3rvbPgxxBQ\daikuinterior_C3rvbPgxxBQ_3.jpg,cad-3d,0.8832
curated\furnitur-detail\2024-02-23_C3rvbPgxxBQ\daikuinterior_C3rvbPgxxBQ_4.jpg,cad-3d,0.7852
curated\furnitur-detail\2024-02-23_C3rvbPgxxBQ\daikuinterior_C3rvbPgxxBQ_5.jpg,cad-3d,0.7501
curated\furnitur-detail\2024-02-28_C34AbwoxjON\daikuinterior_C34AbwoxjON_0.jpg,cad-3d,0.5976
curated\furnitur-detail\2024-02-28_C34AbwoxjON\daikuinterior_C34AbwoxjON_3.jpg,cad-3d,0.584
curated\furnitur-detail\2024-03-08_C4P25pxxUeR\daikuinterior_C4P25pxxUeR_0.jpg,cad-3d,0.5301
curated\furnitur-detail\2024-03-08_C4P25pxxUeR\daikuinterior_C4P25pxxUeR_1.jpg,cad-3d,0.8543
curated\furnitur-detail\2024-03-08_C4P25pxxUeR\daikuinterior_C4P25pxxUeR_2.jpg,cad-3d,0.897
curated\furnitur-detail\2024-03-13_C4cHkR6xd6c\daikuinterior_C4cHkR6xd6c_0.jpg,cad-3d,0.9305
curated\furnitur-detail\2024-03-13_C4cHkR6xd6c\daikuinterior_C4cHkR6xd6c_1.jpg,cad-3d,0.7156
curated\furnitur-detail\2024-03-13_C4cHkR6xd6c\daikuinterior_C4cHkR6xd6c_2.jpg,cad-3d,0.9943
curated\furnitur-detail\2024-03-13_C4cHkR6xd6c\daikuinterior_C4cHkR6xd6c_3.jpg,cad-3d,0.9947
curated\furnitur-detail\2024-03-13_C4cHkR6xd6c\daikuinterior_C4cHkR6xd6c_4.jpg,cad-3d,0.9625
curated\furnitur-detail\2024-03-20_C4t-Yf-xuTY\daikuinterior_C4t-Yf-xuTY_1.jpg,cad-3d,0.7598
curated\furnitur-detail\2024-03-24_C45XnE0x9C3\daikuinterior_C45XnE0x9C3_0.jpg,cad-3d,0.548
curated\furnitur-detail\2024-03-24_C45XnE0x9C3\daikuinterior_C45XnE0x9C3_1.jpg,cad-3d,0.7964
curated\furnitur-detail\2024-03-29_C5GOKk8xypA\daikuinterior_C5GOKk8xypA_2.jpg,cad-3d,0.6475
curated\furnitur-detail\2024-03-31_C5K25AqRMLq\daikuinterior_C5K25AqRMLq_0.jpg,cad-3d,0.5842
curated\furnitur-detail\2024-04-05_C5XZoJXRy_S\daikuinterior_C5XZoJXRy_S_2.jpg,cad-3d,0.7619
curated\furnitur-detail\2024-05-01_C6aOo3sRqo6\daikuinterior_C6aOo3sRqo6_0.jpg,cad-3d,0.5688
curated\furnitur-detail\2024-05-01_C6aOo3sRqo6\daikuinterior_C6aOo3sRqo6_2.jpg,cad-3d,0.6809
curated\furnitur-detail\2024-05-01_C6aOzoLxOBi\daikuinterior_C6aOzoLxOBi_0.jpg,cad-3d,0.9973
curated\furnitur-detail\2024-05-01_C6aOzoLxOBi\daikuinterior_C6aOzoLxOBi_1.jpg,cad-3d,0.9899
curated\furnitur-detail\2024-05-01_C6aOzoLxOBi\daikuinterior_C6aOzoLxOBi_2.jpg,cad-3d,0.9958
curated\furnitur-detail\2024-05-01_C6aOzoLxOBi\daikuinterior_C6aOzoLxOBi_3.jpg,cad-3d,0.999
curated\furnitur-detail\2024-05-01_C6aOzoLxOBi\daikuinterior_C6aOzoLxOBi_4.jpg,cad-3d,0.9987
curated\furnitur-detail\2024-05-21_C7NnXWdRKt8\daikuinterior_C7NnXWdRKt8_1.jpg,cad-3d,0.6054
curated\furnitur-detail\2024-06-08_C78COVxxedp\daikuinterior_C78COVxxedp_2.jpg,cad-3d,0.8062
curated\furnitur-detail\2024-07-04_C8_phrsxg07\daikuinterior_C8_phrsxg07_3.jpg,cad-3d,0.7091
curated\furnitur-detail\2024-07-04_C8_phrsxg07\daikuinterior_C8_phrsxg07_4.jpg,cad-3d,0.9192
curated\furnitur-detail\2024-07-11_C9RnnEKR08h\daikuinterior_C9RnnEKR08h_1.jpg,cad-3d,0.5871
curated\furnitur-detail\2024-07-31_C-EqaERpSz3\daikuinterior_C-EqaERpSz3_3.jpg,cad-3d,0.7171
curated\furnitur-detail\2024-08-06_C-URs_TxJwM\daikuinterior_C-URs_TxJwM_0.jpg,promotional,0.7176
curated\furnitur-detail\2024-08-21_C-6jljFyyL5\daikuinterior_C-6jljFyyL5_1.jpg,cad-3d,0.8782
curated\furnitur-detail\2024-09-24_DASF2aeTUMr\daikuinterior_DASF2aeTUMr_1.jpg,cad-3d,0.6467
curated\furnitur-detail\2024-10-16_DBKvJZhTOuu\daikuinterior_DBKvJZhTOuu_1.jpg,cad-3d,0.7614
curated\furnitur-detail\2024-11-07_DCDcLExTyQX\daikuinterior_DCDcLExTyQX_1.jpg,cad-3d,0.5321
curated\furnitur-detail\2024-11-11_DCNtnmFz95P\daikuinterior_DCNtnmFz95P_4.jpg,promotional,0.6874
curated\furnitur-detail\2025-06-10_DKti2q0Ra1s\daikuinterior_DKti2q0Ra1s_1.jpg,cad-3d,0.5861
curated\furnitur-detail\2025-06-11_DKvyUbwxjgc\daikuinterior_DKvyUbwxjgc_3.jpg,cad-3d,0.6936
curated\furnitur-detail\2025-06-12_DKzUV-Lx6oU\daikuinterior_DKzUV-Lx6oU_2.jpg,cad-3d,0.6499
curated\furnitur-detail\2025-06-13_DK1qqZ8xEDB\daikuinterior_DK1qqZ8xEDB_2.jpg,cad-3d,0.7195
curated\furnitur-detail\2025-07-03_DLo9xARRHfM\daikuinterior_DLo9xARRHfM_0.jpg,cad-3d,0.5332
curated\furnitur-detail\2025-07-03_DLo_D2wx7eu\daikuinterior_DLo_D2wx7eu_0.jpg,cad-3d,0.5679
curated\furnitur-detail\2025-10-07_DPgCPdwE3bc\daikuinterior_DPgCPdwE3bc_0.jpg,line-drawing,0.5341
curated\furnitur-detail\2025-10-25_DQOacnmE23d\daikuinterior_DQOacnmE23d_1.jpg,promotional,0.5788
curated\furnitur-detail\2025-10-27_DQTiEu6E0uR\daikuinterior_DQTiEu6E0uR_2.jpg,promotional,0.7711
curated\furnitur-detail\2025-10-30_DQbQe3JE-n2\daikuinterior_DQbQe3JE-n2_0.jpg,line-drawing,0.6712
curated\furnitur-detail\2025-12-03_DRyzhesk0zo\daikuinterior_DRyzhesk0zo_0.jpg,cad-3d,0.7985
curated\furnitur-detail\2025-12-18_DSZbfLlk5P5\daikuinterior_DSZbfLlk5P5_0.jpg,cad-3d,0.5328
curated\furnitur-detail\2025-12-19_DScDOKHk5s6\daikuinterior_DScDOKHk5s6_0.jpg,cad-3d,0.5406
curated\furnitur-detail\2026-01-06_DTKYMQaE-ss\daikuinterior_DTKYMQaE-ss_0.jpg,cad-3d,0.5395
curated\furnitur-detail\2026-01-15_DThfGtqE1Pu\daikuinterior_DThfGtqE1Pu_0.jpg,line-drawing,0.5906
curated\furnitur-detail\2026-01-21_DTw-dJck0ci\daikuinterior_DTw-dJck0ci_0.jpg,line-drawing,0.7053
curated\furnitur-detail\2026-01-24_DT4x-LIEyMw\daikuinterior_DT4x-LIEyMw_0.jpg,line-drawing,0.5227
curated\furnitur-detail\2026-01-30_DUIXQazE1Kt\daikuinterior_DUIXQazE1Kt_0.jpg,line-drawing,0.564
curated\furnitur-detail\2026-03-12_DVxuKZlEyFD\daikuinterior_DVxuKZlEyFD_3.jpg,cad-3d,0.5497
curated\kamar-mandi\2022-02-18_CaGf8CZpR3k\daikuinterior_CaGf8CZpR3k_2.jpg,promotional,0.6566
curated\kamar-mandi\2022-10-05_CjUWEddpsI4\daikuinterior_CjUWEddpsI4_1.jpg,cad-3d,0.7284
curated\kamar-mandi\2022-10-05_CjUWEddpsI4\daikuinterior_CjUWEddpsI4_3.jpg,cad-3d,0.7992
curated\kamar-mandi\2023-06-12_CtY4_uAxiUT\daikuinterior_CtY4_uAxiUT_3.jpg,cad-3d,0.6871
curated\kamar-mandi\2023-08-18_CwFg2mfRMvE\daikuinterior_CwFg2mfRMvE_0.jpg,cad-3d,0.8669
curated\kamar-mandi\2023-08-18_CwFg2mfRMvE\daikuinterior_CwFg2mfRMvE_1.jpg,cad-3d,0.9677
curated\kamar-mandi\2023-09-29_CxxJ_vFxYgL\daikuinterior_CxxJ_vFxYgL_2.jpg,cad-3d,0.6221
curated\kamar-mandi\2023-10-03_Cx7Pr_MRyrx\daikuinterior_Cx7Pr_MRyrx_1.jpg,cad-3d,0.5779
curated\kamar-mandi\2023-10-03_Cx7Pr_MRyrx\daikuinterior_Cx7Pr_MRyrx_2.jpg,cad-3d,0.8763
curated\kamar-mandi\2023-10-03_Cx7Pr_MRyrx\daikuinterior_Cx7Pr_MRyrx_4.jpg,cad-3d,0.9087
curated\kamar-mandi\2023-11-07_CzWHN6mRyuy\daikuinterior_CzWHN6mRyuy_1.jpg,cad-3d,0.5863
curated\kamar-mandi\2023-11-07_CzWHN6mRyuy\daikuinterior_CzWHN6mRyuy_3.jpg,cad-3d,0.7689
curated\kamar-mandi\2023-11-07_CzWHN6mRyuy\daikuinterior_CzWHN6mRyuy_4.jpg,cad-3d,0.8698
curated\kamar-mandi\2023-11-07_CzWHN6mRyuy\daikuinterior_CzWHN6mRyuy_5.jpg,cad-3d,0.9545
curated\kamar-mandi\2023-11-07_CzWHN6mRyuy\daikuinterior_CzWHN6mRyuy_6.jpg,cad-3d,0.9062
curated\kamar-mandi\2023-11-07_CzWHN6mRyuy\daikuinterior_CzWHN6mRyuy_7.jpg,cad-3d,0.7323
curated\kamar-mandi\2023-12-10_C0qBW1hxACj\daikuinterior_C0qBW1hxACj_0.jpg,cad-3d,0.5273
curated\kamar-mandi\2023-12-15_C02zWAXxqFj\daikuinterior_C02zWAXxqFj_1.jpg,cad-3d,0.57
curated\kamar-mandi\2024-02-28_C34LhOBR170\daikuinterior_C34LhOBR170_1.jpg,cad-3d,0.522
curated\kamar-mandi\2024-03-01_C39rAaOxjKy\daikuinterior_C39rAaOxjKy_2.jpg,cad-3d,0.5379
curated\kamar-mandi\2024-03-27_C5AUwbNx_UR\daikuinterior_C5AUwbNx_UR_1.jpg,cad-3d,0.5516
curated\kamar-mandi\2024-03-29_C5GPY9vxV5k\daikuinterior_C5GPY9vxV5k_0.jpg,cad-3d,0.7693
curated\kamar-mandi\2024-07-31_C-EiCMfybrb\daikuinterior_C-EiCMfybrb_1.jpg,cad-3d,0.825
curated\kamar-mandi\2024-07-31_C-EiCMfybrb\daikuinterior_C-EiCMfybrb_2.jpg,cad-3d,0.6851
curated\kamar-mandi\2024-07-31_C-EiCMfybrb\daikuinterior_C-EiCMfybrb_5.jpg,cad-3d,0.9772
curated\kamar-mandi\2024-07-31_C-EiCMfybrb\daikuinterior_C-EiCMfybrb_6.jpg,cad-3d,0.8119
curated\kamar-mandi\2025-10-15_DP0oghgE4Ym\daikuinterior_DP0oghgE4Ym_4.jpg,cad-3d,0.8404
curated\kamar-mandi\2025-10-29_DQYrtG0k4vk\daikuinterior_DQYrtG0k4vk_0.jpg,line-drawing,0.7116
curated\kamar-mandi\2025-11-04_DQoIc1DE20t\daikuinterior_DQoIc1DE20t_0.jpg,line-drawing,0.645
curated\kamar-tidur\2022-03-07_CaylNGepOCf\daikuinterior_CaylNGepOCf_0.jpg,cad-3d,0.6518
curated\kamar-tidur\2022-05-25_Cd9oOm3J-v0\daikuinterior_Cd9oOm3J-v0_0.jpg,cad-3d,0.5534
curated\kamar-tidur\2022-12-22_Cmdy7-JJZQ4\daikuinterior_Cmdy7-JJZQ4_0.jpg,cad-3d,0.9921
curated\kamar-tidur\2022-12-22_Cmdy7-JJZQ4\daikuinterior_Cmdy7-JJZQ4_2.jpg,cad-3d,0.9998
curated\kamar-tidur\2023-01-20_CnntPibJE58\daikuinterior_CnntPibJE58_0.jpg,cad-3d,0.9876
curated\kamar-tidur\2023-01-20_CnntPibJE58\daikuinterior_CnntPibJE58_1.jpg,cad-3d,0.9816
curated\kamar-tidur\2023-01-20_CnntPibJE58\daikuinterior_CnntPibJE58_2.jpg,cad-3d,0.9922
curated\kamar-tidur\2023-01-20_CnntPibJE58\daikuinterior_CnntPibJE58_3.jpg,cad-3d,0.9987
curated\kamar-tidur\2023-06-21_CtvA9pGx0lp\daikuinterior_CtvA9pGx0lp_1.jpg,cad-3d,0.643
curated\kamar-tidur\2023-06-28_CuBCHmOxFVP\daikuinterior_CuBCHmOxFVP_4.jpg,line-drawing,0.7522
curated\kamar-tidur\2023-08-28_CwfZWyQRKE5\daikuinterior_CwfZWyQRKE5_3.jpg,cad-3d,0.8976
curated\kamar-tidur\2023-11-03_CzLbE0gxtnv\daikuinterior_CzLbE0gxtnv_3.jpg,cad-3d,0.6132
curated\kamar-tidur\2024-03-01_C39GynJx4uY\daikuinterior_C39GynJx4uY_5.jpg,cad-3d,0.5979
curated\kamar-tidur\2024-03-07_C4McWB2RQxz\daikuinterior_C4McWB2RQxz_0.jpg,cad-3d,0.6301
curated\kamar-tidur\2024-03-07_C4McWB2RQxz\daikuinterior_C4McWB2RQxz_1.jpg,cad-3d,0.6642
curated\kamar-tidur\2025-05-26_DKH1wlpSI54\daikuinterior_DKH1wlpSI54_0.jpg,cad-3d,0.6998
curated\kamar-tidur\2025-05-26_DKH1wlpSI54\daikuinterior_DKH1wlpSI54_1.jpg,cad-3d,0.6467
curated\kamar-tidur\2025-05-26_DKH1wlpSI54\daikuinterior_DKH1wlpSI54_2.jpg,cad-3d,0.6022
curated\kamar-tidur\2025-05-26_DKH1wlpSI54\daikuinterior_DKH1wlpSI54_3.jpg,cad-3d,0.5612
curated\kamar-tidur\2025-10-21_DQEFWPdExWr\daikuinterior_DQEFWPdExWr_3.jpg,promotional,0.9658
curated\ruang-keluarga\2022-06-06_CecxwxyparX\daikuinterior_CecxwxyparX_4.jpg,cad-3d,0.6734
curated\ruang-kerja\2022-11-15_Ck-x-onpQst\daikuinterior_Ck-x-onpQst_5.jpg,cad-3d,0.6158
curated\ruang-kerja\2022-12-07_Cl2fCCOJ-At\daikuinterior_Cl2fCCOJ-At_1.jpg,cad-3d,0.6169
curated\ruang-kerja\2023-11-11_CzfY4fwRGtO\daikuinterior_CzfY4fwRGtO_1.jpg,cad-3d,0.56
curated\ruang-makan\2025-06-12_DKzX-G9xqZ9\daikuinterior_DKzX-G9xqZ9_0.jpg,cad-3d,0.5783
curated\ruang-makan\2025-06-12_DKzX-G9xqZ9\daikuinterior_DKzX-G9xqZ9_1.jpg,cad-3d,0.7554
curated\ruang-makan\2026-03-08_DVna_Ndk3BV\daikuinterior_DVna_Ndk3BV_0.jpg,promotional,0.7899
curated\ruang-usaha\2021-12-29_CYDZbwTp1oj\daikuinterior_CYDZbwTp1oj_1.jpg,cad-3d,0.8491
curated\ruang-usaha\2022-02-01_CZbQ5glJwes\daikuinterior_CZbQ5glJwes_2.jpg,cad-3d,0.785
curated\ruang-usaha\2022-02-01_CZbQ5glJwes\daikuinterior_CZbQ5glJwes_3.jpg,cad-3d,0.8132
curated\ruang-usaha\2022-02-01_CZbQ5glJwes\daikuinterior_CZbQ5glJwes_4.jpg,cad-3d,0.9572
curated\ruang-usaha\2022-02-01_CZbQ5glJwes\daikuinterior_CZbQ5glJwes_5.jpg,cad-3d,0.9673
curated\ruang-usaha\2022-02-01_CZbQ5glJwes\daikuinterior_CZbQ5glJwes_6.jpg,cad-3d,0.9034
curated\ruang-usaha\2022-02-08_CZs74Nap7VO\daikuinterior_CZs74Nap7VO_0.jpg,cad-3d,0.9081
curated\ruang-usaha\2022-02-08_CZs74Nap7VO\daikuinterior_CZs74Nap7VO_1.jpg,cad-3d,0.9544
curated\ruang-usaha\2022-02-08_CZs74Nap7VO\daikuinterior_CZs74Nap7VO_3.jpg,cad-3d,0.7176
curated\ruang-usaha\2022-02-18_CaHImkEpbUG\daikuinterior_CaHImkEpbUG_0.jpg,cad-3d,0.9749
curated\ruang-usaha\2022-02-18_CaHImkEpbUG\daikuinterior_CaHImkEpbUG_1.jpg,cad-3d,0.9998
curated\ruang-usaha\2022-03-17_CbMSUiyJmhs\daikuinterior_CbMSUiyJmhs_0.jpg,cad-3d,0.93
curated\ruang-usaha\2022-03-17_CbMSUiyJmhs\daikuinterior_CbMSUiyJmhs_1.jpg,cad-3d,0.9631
curated\ruang-usaha\2022-03-17_CbMSUiyJmhs\daikuinterior_CbMSUiyJmhs_2.jpg,cad-3d,0.7431
curated\ruang-usaha\2022-03-17_CbMSUiyJmhs\daikuinterior_CbMSUiyJmhs_3.jpg,cad-3d,0.8852
curated\ruang-usaha\2022-03-21_CbW4edsprIs\daikuinterior_CbW4edsprIs_1.jpg,cad-3d,0.8933
curated\ruang-usaha\2022-03-21_CbW4edsprIs\daikuinterior_CbW4edsprIs_2.jpg,cad-3d,0.8275
curated\ruang-usaha\2022-03-21_CbW4edsprIs\daikuinterior_CbW4edsprIs_3.jpg,cad-3d,0.5337
curated\ruang-usaha\2022-03-21_CbW4edsprIs\daikuinterior_CbW4edsprIs_4.jpg,cad-3d,0.9811
curated\ruang-usaha\2022-03-21_CbW4edsprIs\daikuinterior_CbW4edsprIs_5.jpg,cad-3d,0.802
curated\ruang-usaha\2022-04-04_Cb6jL07hW7G\daikuinterior_Cb6jL07hW7G_4.jpg,cad-3d,0.6822
curated\ruang-usaha\2022-04-04_Cb6jL07hW7G\daikuinterior_Cb6jL07hW7G_7.jpg,cad-3d,0.7451
curated\ruang-usaha\2022-04-04_Cb6jL07hW7G\daikuinterior_Cb6jL07hW7G_9.jpg,cad-3d,0.5968
curated\ruang-usaha\2022-06-16_Ce28u1CJ8eP\daikuinterior_Ce28u1CJ8eP_1.jpg,cad-3d,0.9251
curated\ruang-usaha\2022-06-16_Ce28u1CJ8eP\daikuinterior_Ce28u1CJ8eP_2.jpg,cad-3d,0.9184
curated\ruang-usaha\2022-07-01_CfdDQOhJE1M\daikuinterior_CfdDQOhJE1M_3.jpg,promotional,0.7121
curated\ruang-usaha\2022-07-01_CfdDQOhJE1M\daikuinterior_CfdDQOhJE1M_4.jpg,promotional,0.872
curated\ruang-usaha\2022-07-01_CfdDQOhJE1M\daikuinterior_CfdDQOhJE1M_5.jpg,cad-3d,0.6416
curated\ruang-usaha\2022-07-19_CgLM16BJcLX\daikuinterior_CgLM16BJcLX_1.jpg,cad-3d,0.8805
curated\ruang-usaha\2022-09-12_CiY2hRSJaVK\daikuinterior_CiY2hRSJaVK_0.jpg,cad-3d,0.8241
curated\ruang-usaha\2022-09-12_CiY2hRSJaVK\daikuinterior_CiY2hRSJaVK_1.jpg,cad-3d,0.5857
curated\ruang-usaha\2022-09-12_CiY2hRSJaVK\daikuinterior_CiY2hRSJaVK_2.jpg,cad-3d,0.6077
curated\ruang-usaha\2022-09-12_CiY2hRSJaVK\daikuinterior_CiY2hRSJaVK_9.jpg,cad-3d,0.5619
curated\ruang-usaha\2022-12-05_ClxVH0YJoGO\daikuinterior_ClxVH0YJoGO_0.jpg,cad-3d,0.6196
curated\ruang-usaha\2022-12-07_Cl2fGnSJ3Yy\daikuinterior_Cl2fGnSJ3Yy_0.jpg,cad-3d,0.8416
curated\ruang-usaha\2022-12-07_Cl2fGnSJ3Yy\daikuinterior_Cl2fGnSJ3Yy_1.jpg,promotional,0.9657
curated\ruang-usaha\2022-12-09_Cl7oT-2Jh2x\daikuinterior_Cl7oT-2Jh2x_0.jpg,cad-3d,0.984
curated\ruang-usaha\2022-12-09_Cl7oT-2Jh2x\daikuinterior_Cl7oT-2Jh2x_1.jpg,cad-3d,0.98
curated\ruang-usaha\2022-12-09_Cl7oT-2Jh2x\daikuinterior_Cl7oT-2Jh2x_2.jpg,cad-3d,0.9572
curated\ruang-usaha\2022-12-09_Cl7oT-2Jh2x\daikuinterior_Cl7oT-2Jh2x_3.jpg,cad-3d,0.9886
curated\ruang-usaha\2022-12-09_Cl7oT-2Jh2x\daikuinterior_Cl7oT-2Jh2x_4.jpg,cad-3d,0.9552
curated\ruang-usaha\2022-12-09_Cl7oT-2Jh2x\daikuinterior_Cl7oT-2Jh2x_5.jpg,cad-3d,0.9552
curated\ruang-usaha\2022-12-09_Cl7oT-2Jh2x\daikuinterior_Cl7oT-2Jh2x_6.jpg,cad-3d,0.9724
curated\ruang-usaha\2022-12-09_Cl7oT-2Jh2x\daikuinterior_Cl7oT-2Jh2x_7.jpg,cad-3d,0.9813
curated\ruang-usaha\2022-12-09_Cl7oT-2Jh2x\daikuinterior_Cl7oT-2Jh2x_8.jpg,cad-3d,0.9791
curated\ruang-usaha\2022-12-15_CmLfq7kpACv\daikuinterior_CmLfq7kpACv_0.jpg,cad-3d,0.9483
curated\ruang-usaha\2022-12-15_CmLfq7kpACv\daikuinterior_CmLfq7kpACv_1.jpg,cad-3d,0.9666
curated\ruang-usaha\2022-12-15_CmLfq7kpACv\daikuinterior_CmLfq7kpACv_2.jpg,cad-3d,0.9661
curated\ruang-usaha\2022-12-26_CmoaMpHprbs\daikuinterior_CmoaMpHprbs_0.jpg,promotional,0.6509
curated\ruang-usaha\2022-12-28_CmsZslJJ0fq\daikuinterior_CmsZslJJ0fq_2.jpg,cad-3d,0.6393
curated\ruang-usaha\2023-03-22_CqE7WYOJCGU\daikuinterior_CqE7WYOJCGU_0.jpg,cad-3d,0.9687
curated\ruang-usaha\2023-03-22_CqE7WYOJCGU\daikuinterior_CqE7WYOJCGU_1.jpg,cad-3d,0.9894
curated\ruang-usaha\2023-03-22_CqE7WYOJCGU\daikuinterior_CqE7WYOJCGU_3.jpg,cad-3d,0.9908
curated\ruang-usaha\2023-03-30_Cqa6pkvpS5T\daikuinterior_Cqa6pkvpS5T_0.jpg,cad-3d,0.9901
curated\ruang-usaha\2023-03-30_Cqa6pkvpS5T\daikuinterior_Cqa6pkvpS5T_1.jpg,cad-3d,0.9476
curated\ruang-usaha\2023-04-03_CqlElZfJHT-\daikuinterior_CqlElZfJHT-_6.jpg,cad-3d,0.7247
curated\ruang-usaha\2023-04-30_CrpNvfUpOYr\daikuinterior_CrpNvfUpOYr_0.jpg,cad-3d,0.9947
curated\ruang-usaha\2023-04-30_CrpNvfUpOYr\daikuinterior_CrpNvfUpOYr_1.jpg,cad-3d,0.9996
curated\ruang-usaha\2023-05-03_Crw7rR8J_ef\daikuinterior_Crw7rR8J_ef_0.jpg,cad-3d,0.8868
curated\ruang-usaha\2023-05-04_Crzk18zJDFE\daikuinterior_Crzk18zJDFE_0.jpg,cad-3d,0.8993
curated\ruang-usaha\2023-05-04_Crzk18zJDFE\daikuinterior_Crzk18zJDFE_1.jpg,cad-3d,0.9854
curated\ruang-usaha\2023-05-04_Crzk18zJDFE\daikuinterior_Crzk18zJDFE_2.jpg,cad-3d,0.9844
curated\ruang-usaha\2023-05-04_Crzk18zJDFE\daikuinterior_Crzk18zJDFE_3.jpg,cad-3d,0.9658
curated\ruang-usaha\2023-05-04_Crzk18zJDFE\daikuinterior_Crzk18zJDFE_4.jpg,cad-3d,0.956
curated\ruang-usaha\2023-05-10_CsEI-mqxMjj\daikuinterior_CsEI-mqxMjj_0.jpg,cad-3d,0.9811
curated\ruang-usaha\2023-05-10_CsEI-mqxMjj\daikuinterior_CsEI-mqxMjj_1.jpg,cad-3d,0.9184
curated\ruang-usaha\2023-05-10_CsEI-mqxMjj\daikuinterior_CsEI-mqxMjj_2.jpg,cad-3d,0.9589
curated\ruang-usaha\2023-07-27_CvMW3VFRXf5\daikuinterior_CvMW3VFRXf5_3.jpg,cad-3d,0.6993
curated\ruang-usaha\2023-08-09_CvugbK5RG1j\daikuinterior_CvugbK5RG1j_1.jpg,promotional,0.5739
curated\ruang-usaha\2023-08-09_CvugbK5RG1j\daikuinterior_CvugbK5RG1j_3.jpg,promotional,0.5481
curated\ruang-usaha\2023-08-09_CvugnmWRqDf\daikuinterior_CvugnmWRqDf_1.jpg,cad-3d,0.5469
curated\ruang-usaha\2023-08-09_CvugnmWRqDf\daikuinterior_CvugnmWRqDf_3.jpg,cad-3d,0.9588
curated\ruang-usaha\2023-08-16_CwAVnOKxlL9\daikuinterior_CwAVnOKxlL9_0.jpg,cad-3d,0.5346
curated\ruang-usaha\2023-08-18_CwFiFihx4GS\daikuinterior_CwFiFihx4GS_0.jpg,promotional,0.6201
curated\ruang-usaha\2023-08-21_CwOSFmeSGuY\daikuinterior_CwOSFmeSGuY_0.jpg,promotional,0.9655
curated\ruang-usaha\2023-08-21_CwOSFmeSGuY\daikuinterior_CwOSFmeSGuY_1.jpg,promotional,0.6191
curated\ruang-usaha\2023-08-21_CwOSFmeSGuY\daikuinterior_CwOSFmeSGuY_2.jpg,cad-3d,0.9812
curated\ruang-usaha\2023-08-21_CwOSFmeSGuY\daikuinterior_CwOSFmeSGuY_3.jpg,cad-3d,0.9488
curated\ruang-usaha\2023-08-21_CwOSFmeSGuY\daikuinterior_CwOSFmeSGuY_4.jpg,cad-3d,0.9719
curated\ruang-usaha\2023-09-25_CxmXOysRQQk\daikuinterior_CxmXOysRQQk_2.jpg,cad-3d,0.9867
curated\ruang-usaha\2023-10-03_Cx7_fPOxW_k\daikuinterior_Cx7_fPOxW_k_2.jpg,cad-3d,0.6389
curated\ruang-usaha\2023-10-20_CyoxSwDSNlg\daikuinterior_CyoxSwDSNlg_1.jpg,cad-3d,0.5329
curated\ruang-usaha\2023-10-24_CyxU8zcx0WU\daikuinterior_CyxU8zcx0WU_0.jpg,cad-3d,0.6479
curated\ruang-usaha\2023-10-24_CyxU8zcx0WU\daikuinterior_CyxU8zcx0WU_3.jpg,cad-3d,0.9268
curated\ruang-usaha\2023-12-14_C002rarxjjg\daikuinterior_C002rarxjjg_2.jpg,cad-3d,0.6172
curated\ruang-usaha\2023-12-25_C1QrmHrxdYz\daikuinterior_C1QrmHrxdYz_0.jpg,cad-3d,0.5987
curated\ruang-usaha\2024-01-26_C2jFAu0xgfC\daikuinterior_C2jFAu0xgfC_3.jpg,cad-3d,0.9126
curated\ruang-usaha\2024-01-26_C2jFAu0xgfC\daikuinterior_C2jFAu0xgfC_4.jpg,cad-3d,0.964
curated\ruang-usaha\2024-02-22_C3plR0Dxf9e\daikuinterior_C3plR0Dxf9e_0.jpg,cad-3d,0.9271
curated\ruang-usaha\2024-02-22_C3plR0Dxf9e\daikuinterior_C3plR0Dxf9e_2.jpg,cad-3d,0.7877
curated\ruang-usaha\2024-02-22_C3plR0Dxf9e\daikuinterior_C3plR0Dxf9e_3.jpg,cad-3d,0.7986
curated\ruang-usaha\2024-02-22_C3plR0Dxf9e\daikuinterior_C3plR0Dxf9e_4.jpg,line-drawing,0.7104
curated\ruang-usaha\2024-02-22_C3plR0Dxf9e\daikuinterior_C3plR0Dxf9e_5.jpg,cad-3d,0.7658
curated\ruang-usaha\2024-02-22_C3plR0Dxf9e\daikuinterior_C3plR0Dxf9e_6.jpg,cad-3d,0.7515
curated\ruang-usaha\2024-02-23_C3rpmI-RR45\daikuinterior_C3rpmI-RR45_2.jpg,cad-3d,0.7837
curated\ruang-usaha\2024-02-23_C3rpmI-RR45\daikuinterior_C3rpmI-RR45_4.jpg,cad-3d,0.7818
curated\ruang-usaha\2024-02-26_C3y7T8RROaC\daikuinterior_C3y7T8RROaC_0.jpg,cad-3d,0.6718
curated\ruang-usaha\2024-02-26_C3y7T8RROaC\daikuinterior_C3y7T8RROaC_1.jpg,cad-3d,0.8913
curated\ruang-usaha\2024-02-26_C3y7T8RROaC\daikuinterior_C3y7T8RROaC_2.jpg,cad-3d,0.8837
curated\ruang-usaha\2024-02-26_C3y7T8RROaC\daikuinterior_C3y7T8RROaC_3.jpg,cad-3d,0.8596
curated\ruang-usaha\2024-02-26_C3y7T8RROaC\daikuinterior_C3y7T8RROaC_4.jpg,cad-3d,0.8112
curated\ruang-usaha\2024-02-26_C3y7T8RROaC\daikuinterior_C3y7T8RROaC_5.jpg,cad-3d,0.9534
curated\ruang-usaha\2024-02-26_C3y7T8RROaC\daikuinterior_C3y7T8RROaC_6.jpg,cad-3d,0.887
curated\ruang-usaha\2024-02-26_C3y7T8RROaC\daikuinterior_C3y7T8RROaC_7.jpg,cad-3d,0.9744
curated\ruang-usaha\2024-02-26_C3y7T8RROaC\daikuinterior_C3y7T8RROaC_8.jpg,cad-3d,0.9336
curated\ruang-usaha\2024-02-26_C3y7T8RROaC\daikuinterior_C3y7T8RROaC_9.jpg,cad-3d,0.9004
curated\ruang-usaha\2024-03-06_C4KXHcUxr5y\daikuinterior_C4KXHcUxr5y_0.jpg,cad-3d,0.8204
curated\ruang-usaha\2024-03-06_C4KXHcUxr5y\daikuinterior_C4KXHcUxr5y_2.jpg,cad-3d,0.6573
curated\ruang-usaha\2024-03-08_C4P2hZoRytb\daikuinterior_C4P2hZoRytb_4.jpg,cad-3d,0.528
curated\ruang-usaha\2024-03-13_C4b8xgWRoVX\daikuinterior_C4b8xgWRoVX_1.jpg,cad-3d,0.6056
curated\ruang-usaha\2024-03-26_C49arjRxwDT\daikuinterior_C49arjRxwDT_0.jpg,cad-3d,0.9985
curated\ruang-usaha\2024-03-26_C49arjRxwDT\daikuinterior_C49arjRxwDT_1.jpg,cad-3d,0.9813
curated\ruang-usaha\2024-03-26_C49arjRxwDT\daikuinterior_C49arjRxwDT_2.jpg,cad-3d,0.9968
curated\ruang-usaha\2024-03-26_C49arjRxwDT\daikuinterior_C49arjRxwDT_3.jpg,cad-3d,0.9963
curated\ruang-usaha\2024-04-02_C5QGfLIRuS_\daikuinterior_C5QGfLIRuS__0.jpg,promotional,0.631
curated\ruang-usaha\2024-05-02_C6c2TnzxsTX\daikuinterior_C6c2TnzxsTX_0.jpg,promotional,0.694
curated\ruang-usaha\2024-05-08_C6sPXsfRixD\daikuinterior_C6sPXsfRixD_0.jpg,cad-3d,0.6645
curated\ruang-usaha\2024-05-08_C6sPXsfRixD\daikuinterior_C6sPXsfRixD_2.jpg,cad-3d,0.9258
curated\ruang-usaha\2024-05-08_C6sPXsfRixD\daikuinterior_C6sPXsfRixD_3.jpg,cad-3d,0.5968
curated\ruang-usaha\2024-05-13_C65DZLpRHMh\daikuinterior_C65DZLpRHMh_0.jpg,cad-3d,0.9565
curated\ruang-usaha\2024-05-13_C65DZLpRHMh\daikuinterior_C65DZLpRHMh_1.jpg,promotional,0.6744
curated\ruang-usaha\2024-06-02_C7spMQkxkkv\daikuinterior_C7spMQkxkkv_1.jpg,promotional,0.927
curated\ruang-usaha\2024-06-02_C7spMQkxkkv\daikuinterior_C7spMQkxkkv_3.jpg,promotional,0.9667
curated\ruang-usaha\2024-07-06_C9E2dFJxMly\daikuinterior_C9E2dFJxMly_5.jpg,cad-3d,0.6939
curated\ruang-usaha\2024-07-06_C9E2dFJxMly\daikuinterior_C9E2dFJxMly_7.jpg,cad-3d,0.9626
curated\ruang-usaha\2024-07-22_C9tiySSpgty\daikuinterior_C9tiySSpgty_1.jpg,cad-3d,0.5923
curated\ruang-usaha\2024-07-22_C9tiySSpgty\daikuinterior_C9tiySSpgty_4.jpg,cad-3d,0.7738
curated\ruang-usaha\2024-07-22_C9tiySSpgty\daikuinterior_C9tiySSpgty_5.jpg,cad-3d,0.9913
curated\ruang-usaha\2024-08-10_C-eOkwyyavK\daikuinterior_C-eOkwyyavK_0.jpg,cad-3d,0.9957
curated\ruang-usaha\2024-08-10_C-eOkwyyavK\daikuinterior_C-eOkwyyavK_1.jpg,cad-3d,0.9892
curated\ruang-usaha\2024-08-10_C-eOkwyyavK\daikuinterior_C-eOkwyyavK_2.jpg,cad-3d,0.9932
curated\ruang-usaha\2024-08-10_C-eOkwyyavK\daikuinterior_C-eOkwyyavK_3.jpg,cad-3d,0.9991
curated\ruang-usaha\2024-08-10_C-eOkwyyavK\daikuinterior_C-eOkwyyavK_4.jpg,cad-3d,0.9759
curated\ruang-usaha\2024-08-19_C-1eImCSecu\daikuinterior_C-1eImCSecu_2.jpg,cad-3d,0.6931
curated\ruang-usaha\2024-08-19_C-1eImCSecu\daikuinterior_C-1eImCSecu_3.jpg,cad-3d,0.9493
curated\ruang-usaha\2024-08-19_C-1eImCSecu\daikuinterior_C-1eImCSecu_4.jpg,cad-3d,0.9556
curated\ruang-usaha\2024-08-19_C-1eImCSecu\daikuinterior_C-1eImCSecu_6.jpg,cad-3d,0.9688
curated\ruang-usaha\2024-08-19_C-1eImCSecu\daikuinterior_C-1eImCSecu_8.jpg,cad-3d,0.9357
curated\ruang-usaha\2024-09-10_C_uw-MkzGqk\daikuinterior_C_uw-MkzGqk_0.jpg,cad-3d,0.6841
curated\ruang-usaha\2024-09-10_C_uw-MkzGqk\daikuinterior_C_uw-MkzGqk_2.jpg,cad-3d,0.7192
curated\ruang-usaha\2024-12-09_DDWgfeozZ5D\daikuinterior_DDWgfeozZ5D_0.jpg,cad-3d,0.9938
curated\ruang-usaha\2024-12-09_DDWgfeozZ5D\daikuinterior_DDWgfeozZ5D_1.jpg,cad-3d,0.9582
curated\ruang-usaha\2024-12-09_DDWgfeozZ5D\daikuinterior_DDWgfeozZ5D_2.jpg,cad-3d,0.9987
curated\ruang-usaha\2024-12-09_DDWgfeozZ5D\daikuinterior_DDWgfeozZ5D_3.jpg,cad-3d,0.999
curated\ruang-usaha\2025-06-04_DKd-AGAReKC\daikuinterior_DKd-AGAReKC_0.jpg,promotional,0.5503
curated\ruang-usaha\2025-06-04_DKd-AGAReKC\daikuinterior_DKd-AGAReKC_2.jpg,promotional,0.5632
curated\ruang-usaha\2025-06-10_DKtbgppxgkq\daikuinterior_DKtbgppxgkq_0.jpg,promotional,0.9028
curated\ruang-usaha\2025-06-10_DKtbgppxgkq\daikuinterior_DKtbgppxgkq_1.jpg,promotional,0.6743
curated\ruang-usaha\2025-06-10_DKtbgppxgkq\daikuinterior_DKtbgppxgkq_4.jpg,promotional,0.6595
curated\ruang-usaha\2025-06-11_DKv1QWax2JJ\daikuinterior_DKv1QWax2JJ_2.jpg,promotional,0.5717
curated\ruang-usaha\2025-06-11_DKv5G-oxQ-_\daikuinterior_DKv5G-oxQ-__1.jpg,cad-3d,0.8635
curated\ruang-usaha\2025-06-11_DKwCkUqx7w2\daikuinterior_DKwCkUqx7w2_0.jpg,cad-3d,0.528
curated\ruang-usaha\2025-06-11_DKwCkUqx7w2\daikuinterior_DKwCkUqx7w2_1.jpg,cad-3d,0.7107
curated\ruang-usaha\2025-06-11_DKwCkUqx7w2\daikuinterior_DKwCkUqx7w2_3.jpg,cad-3d,0.8729
curated\ruang-usaha\2025-06-12_DKyU1i0xYFV\daikuinterior_DKyU1i0xYFV_0.jpg,cad-3d,0.5256
curated\ruang-usaha\2025-06-12_DKyU1i0xYFV\daikuinterior_DKyU1i0xYFV_2.jpg,cad-3d,0.5894
curated\ruang-usaha\2025-06-12_DKyU1i0xYFV\daikuinterior_DKyU1i0xYFV_3.jpg,cad-3d,0.7323
curated\ruang-usaha\2025-06-16_DK9gGWjxjx4\daikuinterior_DK9gGWjxjx4_1.jpg,cad-3d,0.9838
curated\ruang-usaha\2025-06-16_DK9gGWjxjx4\daikuinterior_DK9gGWjxjx4_2.jpg,cad-3d,0.7001
curated\ruang-usaha\2025-06-16_DK9gGWjxjx4\daikuinterior_DK9gGWjxjx4_3.jpg,cad-3d,0.5206
curated\ruang-usaha\2025-06-16_DK9NmrUR5x6\daikuinterior_DK9NmrUR5x6_0.jpg,promotional,0.7416
curated\ruang-usaha\2025-06-16_DK9NmrUR5x6\daikuinterior_DK9NmrUR5x6_3.jpg,promotional,0.8336
curated\ruang-usaha\2025-06-17_DK_jFAux0oq\daikuinterior_DK_jFAux0oq_3.jpg,promotional,0.5376
curated\ruang-usaha\2025-06-17_DK_lX_LxH27\daikuinterior_DK_lX_LxH27_1.jpg,cad-3d,0.6854
curated\ruang-usaha\2025-06-17_DK_lX_LxH27\daikuinterior_DK_lX_LxH27_3.jpg,promotional,0.9204
curated\ruang-usaha\2025-06-18_DLCBs0cxZMh\daikuinterior_DLCBs0cxZMh_0.jpg,promotional,0.9637
curated\ruang-usaha\2025-06-18_DLCBs0cxZMh\daikuinterior_DLCBs0cxZMh_1.jpg,promotional,0.961
curated\ruang-usaha\2025-06-18_DLCBs0cxZMh\daikuinterior_DLCBs0cxZMh_2.jpg,promotional,0.9926
curated\ruang-usaha\2025-07-05_DLttXIQR1DJ\daikuinterior_DLttXIQR1DJ_0.jpg,promotional,0.5203
curated\ruang-usaha\2025-07-05_DLttXIQR1DJ\daikuinterior_DLttXIQR1DJ_2.jpg,promotional,0.6264
curated\ruang-usaha\2025-07-05_DLttXIQR1DJ\daikuinterior_DLttXIQR1DJ_3.jpg,promotional,0.9155
curated\ruang-usaha\2025-07-05_DLttXIQR1DJ\daikuinterior_DLttXIQR1DJ_4.jpg,promotional,0.846
curated\ruang-usaha\2025-12-05_DR3-NChE76r\daikuinterior_DR3-NChE76r_0.jpg,cad-3d,0.728
curated\ruang-usaha\2026-02-14_DUuw5RTE5GM\daikuinterior_DUuw5RTE5GM_0.jpg,cad-3d,0.6417
curated\ruang-usaha\2026-02-14_DUuw5RTE5GM\daikuinterior_DUuw5RTE5GM_1.jpg,cad-3d,0.7324
curated\ruang-usaha\2026-02-14_DUuw5RTE5GM\daikuinterior_DUuw5RTE5GM_2.jpg,cad-3d,0.8445
curated\ruang-usaha\2026-02-14_DUuw5RTE5GM\daikuinterior_DUuw5RTE5GM_3.jpg,cad-3d,0.6563
curated\ruang-usaha\2026-02-20_DU-OXIVEyBb\daikuinterior_DU-OXIVEyBb_0.jpg,promotional,0.6265
curated\ruang-usaha\2026-02-20_DU-OXIVEyBb\daikuinterior_DU-OXIVEyBb_3.jpg,promotional,0.7076
curated\ruang-usaha\2026-03-13_DV0TB4pE27D\daikuinterior_DV0TB4pE27D_3.jpg,cad-3d,0.5969
curated\ruang-usaha\2026-04-08_DW2jkr3k7us\daikuinterior_DW2jkr3k7us_0.jpg,cad-3d,0.7694
curated\ruang-usaha\2026-04-08_DW2jkr3k7us\daikuinterior_DW2jkr3k7us_1.jpg,cad-3d,0.7557
